source1_entity_id	true_entity_id	country	source1_business_name	true_business_name	source1_address	true_address	name_similarity	address_similarity	exact_name	compact_name	core_name	exact_address	postal_match	shared_name_tokens	indexed_name_tokens	shared_address_tokens	indexed_address_tokens	shared_address_numbers	name_token_overlap_count	address_token_overlap_count	address_number_overlap_count	reason
S1-11246184	S3-973887609	us	national education technologies of port neches inc	nationaleducationtechnologies.com	2046 11th street, port neches, tx	Eleventh St, Texas, PT Nehes	0.7895	0.5246	False	False	False	False	False						0	0	0	no_exact_or_indexed_token_evidence
S1-159181040	S3-775261896	us	eye metropolitan associates	eyemetropolitanassociates.com	6240 center drive, helena, mt	5959 Center Dr, Helenacity, Montana	0.9434	0.6875	False	False	False	False	False			center			0	1	0	shared_address_tokens_but_suppressed
S1-81537455	S3-99334274	us	hargrove heartland mortgage	hargroveheartlandmortgage.com	16 lawrence drive, unit apartment c, greenburgh, ny	16 Lawrence Dr, White Plains, New York	0.9434	0.5618	False	False	False	False	False			16|lawrence		16	0	2	1	shared_address_tokens_but_suppressed
S1-281356776	S3-79293527	india	allied educational society	Alliededucationalsociety.Com	gurugram, gurgaon, haryana, h-115 south city 2 gurugram	H-115 South Ciy 2 Gurugram, Gurgaon, Gurugram, HR	0.9412	0.5192	False	False	False	False	False			115|2|gurgaon|gurugram|h|south		115|2	0	6	2	shared_address_tokens_but_suppressed
S1-651980502	S2-206120325	us	cardiology certified group	CARDIOLOGYCERTIFIEDGROUP.COM	1660 old pine bluff road, morris, il	OLD PINE BLUFF ROAD, MORRIS, IL	0.9412	0.9254	False	False	False	False	False			bluff|il|morris|old|pine			0	5	0	shared_address_tokens_but_suppressed
S1-356964664	S3-3894602	india	white international school	whiteinternationalschool.com	flat no. 205, ganga block g-3, sector-d, pkt-6, vasant kunj, new delhi, south delhi, delhi	Door No G-205, Ganga Block G-3, Sector-d, Pkt-6, Vasant Kunj, New Delhi, NULL, दिल्ली	0.9412	0.8114	False	False	False	False	False			205|3|6|block|d|delhi|g|ganga|kunj|new|no|pkt|sector|vasant		205|3|6	0	14	3	shared_address_tokens_but_suppressed
S1-31920944	S2-201252032	us	keystone telecom networks	keystonetelecomnetworks.com	2016 irving boulevard, unit 140, irving, tx	2014 IRVING BLVD, IRVING, TX	0.9388	0.7606	False	False	False	False	False			irving|tx			0	2	0	shared_address_tokens_but_suppressed
S1-781931293	S2-404544694	us	gulf committee associates	gulfcommitteeassociates.com	11894 eagle valley road, taylor twp, pa	PORT MATILDA CITY, 0011894 EAGLE VALLEY RD, PA	0.9388	0.5882	False	False	False	False	False			eagle|pa|valley			0	3	0	shared_address_tokens_but_suppressed
S1-832858249	S2-118221196	us	dermatology piedmont care	dermatologypiedmontcare.com	110 ocean avenue, unit 6, revere, ma	110 OCEAN AVE, <NULL>, REVERE, MA	0.9388	0.7826	False	False	False	False	False			110|ma|ocean|revere		110	0	4	1	shared_address_tokens_but_suppressed
S1-302250545	S3-281637544	us	washington signature trg	washingtonsignaturetrg.com	200 florida avenue, unit 429, washington, dc	200 Florida Ave, Unit 429, Washington, District of Columbia	0.9362	0.7961	False	False	False	False	False			200|429|florida|washington		200|429	0	4	2	shared_address_tokens_but_suppressed
S1-512066012	S2-668477638	us	congregation fellowship	congregationfellowship.com	119 pleasant street, unit cnd 3, vienna town, va	VA, VIENNA TOWN, 119  PLEASANT ST	0.9362	0.375	False	False	False	False	False			119|pleasant|town|va|vienna		119	0	5	1	shared_address_tokens_but_suppressed
S1-88592935	S2-298586784	us	internal medicine center	internalmedicinecenter.com	2812 13th avenue, wa, spokane	02812 THIRTEENTH AVENUE, SPOKANE, WA	0.9362	0.7077	False	False	False	False	False			spokane|wa			0	2	0	shared_address_tokens_but_suppressed
S1-559946790	S2-307056476	us	pioneer bright bioworks	PIONEERBRIGHTBIOWORKS.COM	171 miller road, unit 308, akron, oh	MILLER ROAD, AKRON, OH	0.9333	0.7586	False	False	False	False	False			akron|miller|oh			0	3	0	shared_address_tokens_but_suppressed
S1-703289825	S2-488228209	us	crystal agricultural advisors llc	CRYSTALAGRICULTURALADVISORS.COM	86 smith hill road, airmont, ny	86 SMITH HILL RD, MONSSEY, NY	0.9333	0.8333	False	False	False	False	False			86|hill|ny|smith		86	0	4	1	shared_address_tokens_but_suppressed
S1-24032871	S3-442086678	india	jlh institute partners	jlhinstitutepartnerscom	kollam, kerala, ap/xiv/61, pathanapuram	Apxiv/061, Kollam, കേരളം	0.9302	0.254	False	False	False	False	False			kollam			0	1	0	shared_address_tokens_but_suppressed
S1-766458019	S3-449535996	india	today charitable trust	todaycharitabletrust.com	kanchipuram, tamil nadu, saidapet, 13, 2 floor, balaji nagar, 3rd phase, puzhuthivakkam	##13, Saidapet, Kanchipuram, TN	0.9302	0.2542	False	False	False	False	False			13|kanchipuram|saidapet		13	0	3	1	shared_address_tokens_but_suppressed
S1-16684124	S2-910199688	us	empire quality myers corp	empirequalitymyers.com	14 lincoln avenue, saint cloud, mn	14 LINCOLN AVE, ST CLOUD, MN	0.9302	0.9032	False	False	False	False	False			14|cloud|lincoln|mn		14	0	4	1	shared_address_tokens_but_suppressed
S1-553069174	S3-984140129	us	cascade mountain noble	cascademountainnoble.com	5106 redwood drive, fort worth, tx	Redwood Dr, Fort Worth, Texas	0.9302	0.8254	False	False	False	False	False			fort|redwood|worth			0	3	0	shared_address_tokens_but_suppressed
S1-432316901	S3-651549702	us	hempstead eye medicine	hempsteadeyemedicine.com	4 court street, hempstead, ny	4 Court Street, Hempstead, New York	0.9302	0.9062	False	False	False	False	False			4|court|hempstead		4	0	3	1	shared_address_tokens_but_suppressed
S1-235913521	S2-665657152	us	boyle signature productions llc	boylesignatureproductionscom	524 sherwood drive, maryville, tn	0524 SHERWOOD DR, MARYVILLE, TN	0.9286	0.9375	False	False	False	False	False			maryville|sherwood|tn			0	3	0	shared_address_tokens_but_suppressed
S1-58259520	S3-95232594	us	better security worldwide llc	Bettersecurityworldwide.Com	402 church street, ofallon, mo	O Fallon CITY, Missouri, 702 Church Street	0.9231	0.4444	False	False	False	False	False			church			0	1	0	shared_address_tokens_but_suppressed
S1-467198990	S2-855198038	us	national kensington	nationalkensington.com	114 3rd street, west terre haute, in	114 THIRD ST, IN, WEST TERRE HAUTE	0.9231	0.7714	False	False	False	False	False			114|haute|in|terre|west		114	0	5	1	shared_address_tokens_but_suppressed
S1-344544157	S3-334390046	india	prime capital center	primecapitalcenter.com	hotel heritage building, sant savta marg, byculla, mumbai, mumbai city, maharashtra	Hn 59 Hotel Heritage Building, Mumbai, Mumbai City, MH	0.9231	0.7007	False	False	False	False	False			city|heritage|hotel|mumbai			0	4	0	shared_address_tokens_but_suppressed
S1-425201681	S3-339959380	us	chiropractic specialists inc	chiropracticspecialists.com	72 lexington drive, portsmouth city, va	72 Lexington Dr, Portsmouth, Virginia	0.9231	0.8158	False	False	False	False	False			72|lexington|portsmouth		72	0	3	1	shared_address_tokens_but_suppressed
S1-637632381	S2-127175700	us	hedvig l. didomenico, d.c.	hedvigldidomenico.com	wilmington, nc, 640 spring branch road	643 Spring Branch Rd, WILMINGTON, NC	0.9231	0.5135	False	False	False	False	False			branch|nc|spring|wilmington			0	4	0	shared_address_tokens_but_suppressed
S1-637632381	S3-664172050	us	hedvig l. didomenico, d.c.	hedvigldidomenico.com	wilmington, nc, 640 spring branch road	40 Spring Branch Rd, Wilmington, North Carolina	0.9231	0.4706	False	False	False	False	False			branch|spring|wilmington			0	3	0	shared_address_tokens_but_suppressed
S1-458506706	S2-249242036	us	wall opendoor pc	#wallopendoor	179 main street, unit 309, logan city, ut	LOGAN CITY, 179  MAIN ST, UT	0.9231	0.4118	False	False	False	False	False			179|city|logan|main|ut		179	0	5	1	shared_address_tokens_but_suppressed
S1-751233527	S2-142272219	us	beaulieu & spillane brewing inc	beaulieuspillanebrewing.com	1500 boston providence highway, unit 30b, norwood, ma	1500 BOSTON PROVIDENCE HWY, NORRWOOD, MA	0.9231	0.8387	False	False	False	False	False			1500|boston|ma|providence		1500	0	4	1	shared_address_tokens_but_suppressed
S1-541080274	S2-681140865	india	arihant consultancy	ARIHANTCONSULTANCY.COM	c-704, 7th floor, tower c, moti residency, ghaziabad, uttar pradesh	C-704 , 7TH FLOOR, TOWER C, MOTI RESIDENCY, GHAZIABAD, Uttar Pradesh	0.9231	0.9926	False	False	False	False	False			704|7th|c|ghaziabad|moti|pradesh|residency|tower|uttar		704	0	9	1	shared_address_tokens_but_suppressed
S1-251444096	S2-874374145	us	carlson reliable barclays inc	carlsonreliablebarclays.com	1927 32, plymouth, nc	32, PLYMOUTH, NC	0.9231	0.8649	False	False	False	False	False			32|nc|plymouth		32	0	3	1	shared_address_tokens_but_suppressed
S1-751233527	S3-449403093	us	beaulieu & spillane brewing inc	beaulieuspillanebrewing.com	1500 boston providence highway, unit 30b, norwood, ma	1500- Boston Providence Highway, N/A, Norwood, Massachusetts	0.9231	0.8142	False	False	False	False	False			1500|boston|norwood|providence		1500	0	4	1	shared_address_tokens_but_suppressed
S1-621868336	S3-806596746	us	kn keystone renaissancere inc	Knkeystonerenaissancere.Com	7228 mary lee court, tx, brownsville	07228 Mary Lee Ct, PMB 7344, Brownsville, Texas	0.9231	0.747	False	False	False	False	False			brownsville|lee|mary			0	3	0	shared_address_tokens_but_suppressed
S1-630839433	S3-782924393	us	chiropractic associates inc.	chiropracticassociates.com	511 55th street, renton, wa	Washington, Renton, 511 55st Street	0.92	0.3548	False	False	False	False	False			511|renton		511	0	2	1	shared_address_tokens_but_suppressed
S1-2092817	S3-891277782	us	hamilton newtekone	hamiltonnewtekone.com	210 clark street, sweetwater, tn	210 Clark St, Sweetwter, Tennessee	0.9189	0.8182	False	False	False	False	False			210|clark		210	0	2	1	shared_address_tokens_but_suppressed
S1-227395368	S3-980337710	us	d & a trailblazer associates	dtrailblazerassociates.com	7413 castle rock drive, clinton, md	Castle Rock Dr, Clinton, Maryland	0.9167	0.7941	False	False	False	False	False			castle|clinton|rock			0	3	0	shared_address_tokens_but_suppressed
S1-341407306	S3-834380970	us	pediatric dental health, inc	pediatricdentalhealth.com	tx, houston, 706 charles road	706 Ccarles Rd, Houston, Texas	0.9167	0.4407	False	False	False	False	False			706|houston		706	0	2	1	shared_address_tokens_but_suppressed
S1-63162461	S3-270643414	us	apex wholesale concepts llc	apexwholesaleconcepts.com	160 brook farm road, boston, ma	160 Brook Farm Road, Boston, Massachusetts	0.9167	0.8493	False	False	False	False	False			160|boston|brook|farm		160	0	4	1	shared_address_tokens_but_suppressed
S1-59409377	S2-664205347	us	alyss lopez dbdr corp	alysslopezdbdr.com	2220 jackson avenue, hempstead, ny	JACKSON AVE, HEMPSTEAD, NY	0.9143	0.8667	False	False	False	False	False			hempstead|jackson|ny			0	3	0	shared_address_tokens_but_suppressed
S1-320732032	S3-442804724	us	prairie charities	prairiecharities.com	1901 8th street, sacramento, ca	190 Eighth Street, Sacramento CDP, California	0.9143	0.7632	False	False	False	False	False			sacramento			0	1	0	shared_address_tokens_but_suppressed
S1-674055153	S2-161003978	us	urgent care clinic	urgentcareclinic.com	409 cherry avenue, rochelle, il	409-D CHERRY AVE, ROCHELLE, IL	0.9143	0.918	False	False	False	False	False			409|cherry|il|rochelle		409	0	4	1	shared_address_tokens_but_suppressed
S1-320732032	S3-279891399	us	prairie charities	prairiecharities.com	1901 8th street, sacramento, ca	190 Eighth Street, Sacramento CDP, California	0.9143	0.7632	False	False	False	False	False			sacramento			0	1	0	shared_address_tokens_but_suppressed
S1-548217581	S2-90294533	us	nolan, arthur & mentz	nolanarthurmentz.com	1 del pond drive, unit 429, canton, ma	7 DEL POND DRIVE, CANTON, MA	0.9143	0.8182	False	False	False	False	False			canton|del|ma|pond			0	4	0	shared_address_tokens_but_suppressed
S1-356319224	S2-577061900	us	womens health care	womenshealthcare.com	32 lexington avenue, unit 1, somerville, ma	32 LEXINGTON AVE, SOMERVILLE, MA	0.9143	0.8533	False	False	False	False	False			32|lexington|ma|somerville		32	0	4	1	shared_address_tokens_but_suppressed
S1-930884894	S3-182486473	us	lef midwest golden	lefmidwestgolden.com	425 main street, bristol, ct	425 Main Sreet, Bristol, Connecticut	0.9143	0.8438	False	False	False	False	False			425|bristol|main		425	0	3	1	shared_address_tokens_but_suppressed
S1-752044446	S3-881517371	india	dheera foundation	dheerafoundation.com	3rd floor, no. 12, 5th a block koramangala, bangalore, karnataka	3Rd Floor, No. 12, 5Th A Block Koramangala, Bengaluru, Bangalore, ಕರ್ನಾಟಕ	0.9143	0.8029	False	False	False	False	False			12|3rd|5th|a|bangalore|block|koramangala|no		12	0	8	1	shared_address_tokens_but_suppressed
S1-163766842	S3-921257239	us	star offshore care	staroffshorecare.com	235 sunset avenue, wenatchee, wa	Sunset Avenue, Wenatchee, Washington	0.9143	0.8235	False	False	False	False	False			sunset|wenatchee			0	2	0	shared_address_tokens_but_suppressed
S1-486185859	S2-990123775	us	midwest coalition	midwestcoalition.com	411 21st street, newton, nc	411 21ST ST, NEWTON, NC	0.9143	0.92	False	False	False	False	False			21st|411|nc|newton		411	0	4	1	shared_address_tokens_but_suppressed
S1-581574549	S3-805581645	us	harbor pharmaceutical llc	Harborpharmaceutical.Com	138-12 234 street, rosedale, ny	138-12 234 St, Rosedale, New York	0.913	0.8438	False	False	False	False	False			12|138|234|rosedale		138-12|234	0	4	2	shared_address_tokens_but_suppressed
S1-608636230	S3-545710774	us	tibbs rapid quasaredge, inc	tibbsrapidquasaredge.com	105 main street, kyle, tx	105 Main St, Kyle, Texas	0.913	0.8571	False	False	False	False	False			105|kyle|main		105	0	3	1	shared_address_tokens_but_suppressed
S1-262527438	S2-788668827	us	fowler, george & pumphrey llc	fowlergeorgepumphrey.com	3977 fox haven drive, canfield, oh	03977 Fox Haven Dr, CANFIED, OH	0.913	0.9231	False	False	False	False	False			fox|haven|oh			0	3	0	shared_address_tokens_but_suppressed
S1-696974171	S2-95639992	us	crystal platinum token inc	CRYSTALPLATINUMTOKEN.COM	105 1st street, marion, il	105 1ST ST, MARION, IL	0.913	0.9167	False	False	False	False	False			105|1st|il|marion		105	0	4	1	shared_address_tokens_but_suppressed
S1-105648976	S2-158821583	us	jolene farnham webster l.l.c.	jolenefarnhamwebster.com	in, 11180 main street, flat rock	11180C MAIN ST, FLAT ROCK, IN	0.913	0.7869	False	False	False	False	False			flat|in|main|rock			0	4	0	shared_address_tokens_but_suppressed
S1-432394295	S3-415421694	us	sanders best brokerage llc	Sandersbestbrokerage.Com	al, 11942 72, cherokee	11782 72, <NULL>, Cherokee, Alabama	0.913	0.5614	False	False	False	False	False			72|cherokee		72	0	2	1	shared_address_tokens_but_suppressed
S1-560985660	S2-452254550	us	congregation lutheran church lp	congregationlutheranchurch.com	16310 linden springs court, tx, houston	016310 LINDEN SPRINGS COURT, HOUSTON, TX	0.9123	0.8861	False	False	False	False	False			court|houston|linden|springs|tx			0	5	0	shared_address_tokens_but_suppressed
S1-177088763	S2-344142975	us	batten, adella, cpa	BATTENADELLACPA.COM	90 meadow lane, lawrence, ny	90 MEADOW LN, PMB 5809, LAWRENCE CDP, NY	0.9091	0.7647	False	False	False	False	False			90|lawrence|meadow|ny		90	0	4	1	shared_address_tokens_but_suppressed
S1-609653903	S3-509113717	us	global committee	globalcommittee.com	441 evergreen street, fl 1, chandler, az	Evergreen St, Floor 1, Chandler, Arizona	0.9091	0.8	False	False	False	False	False			1|chandler|evergreen		1	0	3	1	shared_address_tokens_but_suppressed
S1-299434720	S3-330665696	us	twisted bike shop	Twistedbikeshop.Com	2015 glenview road, glenview, il	Illinois, Glenview, 201 Glenview Road	0.9091	0.4928	False	False	False	False	False			glenview			0	1	0	shared_address_tokens_but_suppressed
S1-73295122	S3-242907636	us	lundell marshall	lundellmarshall.com	2460 tyler avenue, ogden city, ut	Tyler Avenue, Ogden, Utah	0.9091	0.7931	False	False	False	False	False			ogden|tyler			0	2	0	shared_address_tokens_but_suppressed
S1-546751738	S2-704911239	us	holloway medical	hollowaymedical.com	everett, 121 linden street, unit 2, ma	121 LINDEN STREAT, EVERETT, MA	0.9091	0.6765	False	False	False	False	False			121|everett|linden|ma		121	0	4	1	shared_address_tokens_but_suppressed
S1-546751738	S3-823238716	us	holloway medical	hollowaymedical.com	everett, 121 linden street, unit 2, ma	121D Linden Street, # 2, Everett, Massachusetts	0.9091	0.5882	False	False	False	False	False			2|everett|linden		2	0	3	1	shared_address_tokens_but_suppressed
S1-566250265	S3-333644942	us	golden prime strategy llc	goldenprimestrategy.com	204 maple avenue, east rochester, ny	204 Maple Ave, E. Rochester, New York	0.9091	0.8219	False	False	False	False	False			204|maple|rochester		204	0	3	1	shared_address_tokens_but_suppressed
S1-449095812	S2-115107205	us	choice property union llc	choicepropertyunion.com	2816 29th st, bettendorf, ia	29TH ST, BETTENORF, IA	0.9091	0.88	False	False	False	False	False			29th|ia			0	2	0	shared_address_tokens_but_suppressed
S1-312734624	S2-585430582	us	tedi cox intermediate llc	tedicoxintermediate.com	peoria, 417 western avenue, il	417 WESTERN AVE, PEORIA, IL	0.9091	0.7018	False	False	False	False	False			417|il|peoria|western		417	0	4	1	shared_address_tokens_but_suppressed
S1-843427752	S2-138704333	us	sanchez treasury	sancheztreasury.com	3731 polk loop, monticello, in	POLK LOOP, MONTICELLO, IN	0.9091	0.9091	False	False	False	False	False			in|loop|monticello|polk			0	4	0	shared_address_tokens_but_suppressed
S1-494028959	S2-451307096	us	highland school of medicine corp	HIGHLANDSCHOOLMEDICINE.COM	632 7th street, burlington, ia	SEVENTH STREET, BURLINGTON, IA	0.9057	0.8333	False	False	False	False	False			burlington|ia			0	2	0	shared_address_tokens_but_suppressed
S1-476945809	S3-700401604	us	jones great software llc	jonesgreatsoftware.com	645 d street, san bernardino, ca	615 D Street, San Bernardino, California	0.9048	0.8611	False	False	False	False	False			bernardino|d|san			0	3	0	shared_address_tokens_but_suppressed
S1-451027472	S2-427845547	us	quality silver proem llc	qualitysilverproem.com	221 bay street, brooklyn, ny	221 BAY ST, PO BOX 8385, BROOKLYN, NY	0.9048	0.7385	False	False	False	False	False			221|bay|brooklyn|ny		221	0	4	1	shared_address_tokens_but_suppressed
S1-346808265	S2-479158098	us	twisted pilates	twistedpilates.com	113 25th street, lorain, oh	113 25TH STREET, PMB 1583, LORAIN, OH	0.9032	0.8438	False	False	False	False	False			113|25th|lorain|oh		113	0	4	1	shared_address_tokens_but_suppressed
S1-134898809	S3-882276216	us	corner hypnosis	Cornerhypnosis.Com	26 stone street, unit 3, beverly, ma	26 Stone Street, # 3, Beverly, Massachusetts	0.9032	0.8	False	False	False	False	False			26|3|beverly|stone		26|3	0	4	2	shared_address_tokens_but_suppressed
S1-751888247	S2-297932398	us	jerrell ashford	jerrellashford.com	6 park view drive, perinton, ny	6 PARK VIEW DR, PITTSFORD, NY	0.9032	0.7333	False	False	False	False	False			6|ny|park|view		6	0	4	1	shared_address_tokens_but_suppressed
S1-804244480	S2-851082565	us	empire alliance	empirealliance.com	tx, austin, 602 colonial park boulevard	02 Colonial Park Blvd, N/A, AUSTIN, TX	0.9032	0.4935	False	False	False	False	False			austin|colonial|park|tx			0	4	0	shared_address_tokens_but_suppressed
S1-280808416	S3-87044616	us	tx capital monte	txcapitalmonte.com	101 2nd street, garden city, ks	101 Second Street, Garden City, Kansas	0.9032	0.8696	False	False	False	False	False			101|city|garden		101	0	3	1	shared_address_tokens_but_suppressed
S1-368703242	S3-14516727	us	scholarship center inc	scholarshipcenter.com	75 meadowbrook road, hempstead, ny	Meadowbrook Road, New York, Hempstead	0.9	0.7606	False	False	False	False	False			hempstead|meadowbrook			0	2	0	shared_address_tokens_but_suppressed
S1-117150004	S3-105180647	us	mickle & brooks verde llc	micklebrooksverde.com	11 mulberry lane, manchester, ct	11 Mulberry Lane, Manchester, Connecticut	0.9	0.8767	False	False	False	False	False			11|manchester|mulberry		11	0	3	1	shared_address_tokens_but_suppressed
S1-366459956	S3-39035336	us	smart unified globa, llc	Smartunifiedgloba.Com	273 church street, west chicago, il	0273 Church St, West Chicago, Illinois	0.9	0.8493	False	False	False	False	False			chicago|church|west			0	3	0	shared_address_tokens_but_suppressed
S1-506578606	S3-908635145	us	secure cloud brands llc	securecloudbrands.com	321 6th street, duluth, mn	0321 Sixth Street, Duluth, Minnesota	0.9	0.8065	False	False	False	False	False			duluth			0	1	0	shared_address_tokens_but_suppressed
S1-436985273	S3-150259143	us	corner pilates	cornerpilates.com	ky, 116 redwood drive, frankfort	0116 Redwood Drive, Frankfort, Kentucky	0.8966	0.7887	False	False	False	False	False			frankfort|redwood			0	2	0	shared_address_tokens_but_suppressed
S1-651095976	S3-289302549	us	sterling innovative electric llc	ster1inginnovativeelectric.com	1747 jackson avenue, fl 0, wichita, ks	001747 Jackson Avenue, Wichita, Kansas	0.8966	0.8421	False	False	False	False	False			jackson|wichita			0	2	0	shared_address_tokens_but_suppressed
S1-896142542	S3-991352176	india	laxmi services	laxmiservices.com	plot no. 16 & 17, 2nd floor, dwarka sector 11, new delhi, new delhi, south west delhi, delhi	16 & 17, 2Nd Floor, Dwarka Sector 11, New Delhi, New Delhi, South West Delhi, दिल्ली	0.8966	0.8864	False	False	False	False	False			11|16|17|2nd|delhi|dwarka|new|sector|south|west		11|16|17	0	10	3	shared_address_tokens_but_suppressed
S1-922203858	S3-130631397	us	white all graphics llc	Whiteallgraphics.Com	wa, arlington, 18009 3rd avenue	018009 Third Ave, Arlington, Washington	0.8947	0.4571	False	False	False	False	False			arlington			0	1	0	shared_address_tokens_but_suppressed
S1-304599971	S3-311838757	us	thomas clear eaton llc	thomascleareaton.com	112 2nd avenue, columbia falls, mt	11 Second Avenue, Columbia Falls, Montana	0.8947	0.8533	False	False	False	False	False			columbia|falls			0	2	0	shared_address_tokens_but_suppressed
S1-922203858	S2-514851545	us	white all graphics llc	WHITEALLGRAPHICS.COM	wa, arlington, 18009 3rd avenue	3rd Avenue, ARLINGTON, WA	0.8947	0.5357	False	False	False	False	False			3rd|arlington|wa			0	3	0	shared_address_tokens_but_suppressed
S1-912770625	S3-173171247	us	urgent care clinic llc	urgentcareclinic.com	119 a 2nd street, mulberry, ar	#119 A 2st Street, Mulberry, Arkansas	0.8947	0.8358	False	False	False	False	False			119|a|mulberry		119	0	3	1	shared_address_tokens_but_suppressed
S1-999155907	S2-888003986	us	beacon gulf kochav llc	beacongulfkochav.com	huntsville, al, 100 sunrise cove circle	AL, 100  SUNRISE COVE CIR, HUNTSVILLE	0.8947	0.6933	False	False	False	False	False			100|al|cove|huntsville|sunrise		100	0	5	1	shared_address_tokens_but_suppressed
S1-862752083	S2-763772861	us	yuma youth center llc	yumayouthcenter.com	2453 4th avenue, yuma, az	245 4TH AVENUE, YUMA, AZ	0.8889	0.9796	False	False	False	False	False			4th|az|yuma			0	3	0	shared_address_tokens_but_suppressed
S1-451116961	S3-188017952	us	satecex painting llc	Satecexpainting.Com	7742 30th avenue, seattle, wa	Seattle, Washington, 30th Avenue	0.8889	0.3934	False	False	False	False	False			30th|seattle			0	2	0	shared_address_tokens_but_suppressed
S1-535461143	S2-171063396	us	sauls prime music llc	saulsprimemusic.com	1115 timber ridge road, prescott, az	5115 TIMBER RIDGE ROAD, PRESCOTT, AZ	0.8889	0.9722	False	False	False	False	False			az|prescott|ridge|timber			0	4	0	shared_address_tokens_but_suppressed
S1-716917585	S2-715943491	us	o+ abrdn clinic	oabrdnclinic.com	1142 c walker road, unit ste c, fairfax county, va	FAIRFAX COUNTY, VA, 01142 C WALKER RD	0.8889	0.4138	False	False	False	False	False			c|county|fairfax|va|walker			0	5	0	shared_address_tokens_but_suppressed
S1-759712828	S3-300646988	us	mount emanuel	mountemanuel.com	82 seneca street, geneva, ny	82 Seneca Saint, Geneva, New York	0.8889	0.7869	False	False	False	False	False			82|geneva|seneca		82	0	3	1	shared_address_tokens_but_suppressed
S1-629223907	S3-599590006	us	costantino, frayda p., dds	@costantinofrayda	1674 500, lehi, ut	1674a 500, Lehi, Utah	0.8889	0.9231	False	False	False	False	False			500|lehi		500	0	2	1	shared_address_tokens_but_suppressed
S1-15020282	S2-211139216	us	downtown barbershop	D0wntown Bárbershop	1000 s capitol street, unit 805, washington, dc	1000 S CAPITOL ST, WASHINGTON, DC	0.8889	0.825	False	False	False	False	False			1000|capitol|dc|s|washington		1000	0	5	1	shared_address_tokens_but_suppressed
S1-742878440	S3-779969173	us	metropolitan sun llc	metropolitansun.com	33 dakota street, portland, me	33-D Dakota Street, Portland, Maine	0.8889	0.9231	False	False	False	False	False			33|dakota|portland		33	0	3	1	shared_address_tokens_but_suppressed
S1-471490066	S2-741362274	us	marga devenport solar pllc	margadevenportsolar.com	3354 90, manchester, ny	90, CLIFTON SPRINGS, NY	0.8889	0.4783	False	False	False	False	False			90|ny		90	0	2	1	shared_address_tokens_but_suppressed
S1-649008123	S2-337252044	india	crf infratech	crfinfratech.com	sp 145-d-i, riico industrial area, bhiwadi, rajasthan	NO 898 SP 145-D-I, RIICO INDUSTRIAL AREA, Rajasthan	0.8889	0.8462	False	False	False	False	False			145|area|d|i|industrial|rajasthan|riico|sp		145	0	8	1	shared_address_tokens_but_suppressed
S1-766697297	S2-423925451	us	longshoremen union local no 781	longshoremenunionlocal.com	74 martin circle, ky, paducah	74 MARTIN CIR, PADUCAH, KY	0.8846	0.8	False	False	False	False	False			74|ky|martin|paducah		74	0	4	1	shared_address_tokens_but_suppressed
S1-87755616	S3-736904822	us	desert presidio llc	desertpresidio.com	4320 white street, decatur, il	320 White St, Decatur, Illinois	0.8824	0.8197	False	False	False	False	False			decatur|white			0	2	0	shared_address_tokens_but_suppressed
S1-415302257	S2-206665372	us	value blackrock, inc.	valueblackrock.com	126 meadowlake drive, hendersonville, tn	126 MEASOWLAKE DRIVE, HENDERSONVILLE, TN	0.8824	0.975	False	False	False	False	False			126|hendersonville|tn		126	0	3	1	shared_address_tokens_but_suppressed
S1-905290477	S2-428341934	us	federal fashion, inc	federalfashion.com	40 mason court, henry county, va	40 MASON CT, MARTINSVILLE, VA	0.8824	0.5902	False	False	False	False	False			40|mason|va		40	0	3	1	shared_address_tokens_but_suppressed
S1-92729851	S3-222366324	us	capital council inc	capitalcouncil.com	221 main street, florence, ky	22 Main Street, Florence, Kentucky	0.8824	0.8889	False	False	False	False	False			florence|main			0	2	0	shared_address_tokens_but_suppressed
S1-231943953	S3-381507077	us	northern institute of technology	*** n0rtherninstitutetechnology.com	316 hickory street, nashville, tn	316 Hickory Saint, Nashville, Tennessee	0.8814	0.8056	False	False	False	False	False			316|hickory|nashville		316	0	3	1	shared_address_tokens_but_suppressed
S1-279422519	S3-672670360	us	pham metro cslm	phammetro.com	24 sullivan farm, new milford, ct	Sullivan Farm, NEW Miford CITY, Connecticut	0.88	0.7632	False	False	False	False	False			farm|new|sullivan			0	3	0	shared_address_tokens_but_suppressed
S1-832133442	S3-170655602	us	young, villanueva and jenkins	youngvillanuevajenkins.com	74 oak spring road, unit b, south strabane township, pa	Oak Spring Rd, # B, Washington CITY, Pennsylvania	0.88	0.5192	False	False	False	False	False			b|oak|spring			0	3	0	shared_address_tokens_but_suppressed
S1-616628716	S3-655455621	india	apt holdings	aptholdings.com	first & second floor, shop no. 25, malik singh complex, sector-17, kurukshetra, haryana	Kurukshetra, First & Second Floor, HR	0.88	0.3871	False	False	False	False	False			first|kurukshetra|second			0	3	0	shared_address_tokens_but_suppressed
S1-944430830	S3-122364418	india	real trading	realtrading.com	plot 120, sy no 41 kavuri hills phase-1, jubilee hills, hyderabad, telangana	Hyderabad, Plot 120, Hyderabad, TG	0.88	0.4182	False	False	False	False	False			120|hyderabad|plot		120	0	3	1	shared_address_tokens_but_suppressed
S1-875631699	S3-977211575	india	bell builders center	Mr bellbuilderscenter.com	b2 -004, surya nagara, chandapura anekal tk, lig 3, bangalore, karnataka, bangalore	Lig G-3, Bangalore, KA	0.878	0.381	False	False	False	False	False			3|bangalore|lig		3	0	3	1	shared_address_tokens_but_suppressed
S1-725419706	S3-162625876	india	grip charitable trust	grípcharitabletrust.com	dda flat no. 53-a, ground floor sfs block no. h saket, new delhi, south delhi, delhi	Dda Flta No. 53-A, DL, Ground Floor Sfs Block No. H Saket, New Delhi	0.878	0.8289	False	False	False	False	False			53|a|block|dda|delhi|ground|h|new|no|saket|sfs		53	0	11	1	shared_address_tokens_but_suppressed
S1-75262805	S3-201158757	us	christianson, peretz and bhatti inc	christiansonperetzbhatti.com	2130 california avenue, fort wayne, in	California Ave, FT Wayne, Indiana	0.8772	0.7887	False	False	False	False	False			california|wayne			0	2	0	shared_address_tokens_but_suppressed
S1-501187535	S2-234612182	us	eberhardt bank, llc	eberhardtbank.com	25638 29th avenue, kent, wa	25640 29TH AVE, KENT, WA	0.875	0.8627	False	False	False	False	False			29th|kent|wa			0	3	0	shared_address_tokens_but_suppressed
S1-164081713	S2-940155859	us	zh acquisition inc	zhacquisition.com	30445 1st place, federal way, wa	FIRST PL, FEDERLA WAY, WA	0.875	0.7368	False	False	False	False	False			wa			0	1	0	shared_address_tokens_but_suppressed
S1-499895342	S2-63686859	us	lacroix, amelita, md, p.c.	#lacroixamelita	6504 n shore square, new market, md	NEW MARKET, NORTH SHORE SQ, MD	0.875	0.4308	False	False	False	False	False			market|md|new|shore			0	4	0	shared_address_tokens_but_suppressed
S1-174847023	S2-279254119	us	burns wireless llc	burnswireless.com	157 orange street, albany, ny	157- ORANGE ST, ALBANY, NY	0.875	0.9091	False	False	False	False	False			157|albany|ny|orange		157	0	4	1	shared_address_tokens_but_suppressed
S1-821007067	S2-974506256	us	solstice	-- Sólstice	31 maple lane, monticello, ny	31A MAPLE LANE, MONTICELLO, NY	0.875	0.9831	False	False	False	False	False			maple|monticello|ny			0	3	0	shared_address_tokens_but_suppressed
S1-279736597	S2-308959476	us	atlantic coalition ii llc	#ATLANTICCOALITION	210 beech street, newport, ky	210 BEECH STREET, NEWPORT KY, KY	0.8718	0.9508	False	False	False	False	False			210|beech|ky|newport		210	0	4	1	shared_address_tokens_but_suppressed
S1-520467098	S3-436039921	us	monteon xii	monteonxii.com	173 milton road, milton, vt	173 Milton Rd, Milon, Vermont	0.8696	0.8571	False	False	False	False	False			173|milton		173	0	2	1	shared_address_tokens_but_suppressed
S1-209922971	S2-231563212	us	lucky nails	LUCKYNAILS.COM	4444 box canyon drive, eloy, az	4444C BOX CANYON DR, AZ, ELLOY	0.8696	0.7869	False	False	False	False	False			az|box|canyon			0	3	0	shared_address_tokens_but_suppressed
S1-376090634	S3-796976169	us	iso trading	Isotrading.Com	1905 victoria farms road, unit 157, lake havasu city, az	1905c Victoria Farms Road, # 157, Lake Havasu City, Arizona	0.8696	0.9043	False	False	False	False	False			157|city|farms|havasu|lake|victoria		157	0	6	1	shared_address_tokens_but_suppressed
S1-209922971	S2-986155517	us	lucky nails	luckynails.com	4444 box canyon drive, eloy, az	4444C BOX CANYON DRIVE, ELLOY, AZ	0.8696	0.9688	False	False	False	False	False			az|box|canyon			0	3	0	shared_address_tokens_but_suppressed
S1-537393121	S3-551985762	us	charles, peterson and johnson, inc	charlespetersonjohnson.com	617 locust street, quincy, il	0617 Locust Street, Quincy, Illinois	0.8679	0.8923	False	False	False	False	False			locust|quincy			0	2	0	shared_address_tokens_but_suppressed
S1-629417405	S3-438606634	us	moore bitwise inc	moorebitwise.com	337 oakland avenue, michigan city, in	0337 Oakland Avenue, Michigan City, Indiana	0.8667	0.925	False	False	False	False	False			city|michigan|oakland			0	3	0	shared_address_tokens_but_suppressed
S1-997319680	S2-133275115	us	chiropractic center llc	chíropracticcenter.com	11602 redwood road, unit b204, riverton, ut	REDWOOD RD, RIVERTON, UT	0.8571	0.7164	False	False	False	False	False			redwood|riverton|ut			0	3	0	shared_address_tokens_but_suppressed
S1-586998165	S3-909041201	us	tabor oxford llc	taboroxford.com	1341 a 30, wells, ny	30, Welsl, New York	0.8571	0.6154	False	False	False	False	False			30		30	0	1	1	shared_address_tokens_but_suppressed
S1-613598143	S2-742518143	us	clair sprott inc	CLAIRSPROTT.COM	430 lewis avenue, lombard, il	430 LEWIS AVE, LOMBARD, IL	0.8571	0.9455	False	False	False	False	False			430|il|lewis|lombard		430	0	4	1	shared_address_tokens_but_suppressed
S1-430072999	S3-783534975	us	trusted dividend lp	trusteddividend.com	530 hilda street, hempstead, ny	530 Hidla St, Hempstead, New York	0.8571	0.8125	False	False	False	False	False			530|hempstead		530	0	2	1	shared_address_tokens_but_suppressed
S1-634908265	S3-553953232	us	york texas	yorktexas.com	16973 rogers road, eden prairie, mn	EDEN Prairie, 16828-16830 Rogers Rd, Minnesota	0.8571	0.3951	False	False	False	False	False			eden|prairie|rogers			0	3	0	shared_address_tokens_but_suppressed
S1-613598143	S2-980172703	us	clair sprott inc	CLAIRSPROTT.COM	430 lewis avenue, lombard, il	LOMBARD, IL, 430 Lewis Avenue	0.8571	0.5517	False	False	False	False	False			430|il|lewis|lombard		430	0	4	1	shared_address_tokens_but_suppressed
S1-926822525	S3-368500613	us	emerald	Émerald	137 pleasant street, clinton, ma	137 Pleasant Street, Clinton, Massachusetts	0.8571	0.8533	False	False	False	False	False			137|clinton|pleasant		137	0	3	1	shared_address_tokens_but_suppressed
S1-820394674	S3-817289043	india	indu trust	Indutrust.Com	1001 wing-d, rustomjee, paramount 18th rd, khar w, mumbai, maharashtra	Door No 1001 Wing-d, Mumbai, MH	0.8571	0.4554	False	False	False	False	False			1001|d|mumbai|wing		1001	0	4	1	shared_address_tokens_but_suppressed
S1-748234427	S3-229526943	india	shilp automobile private limited	shilpautomobileprivate.com	#sf-2, lotus kaveri app papamma l/o, r.m nagar, bangalore, karnataka	Door No G-461 #Sf-2, Bangalore, KA	0.8519	0.3922	False	False	False	False	False			2|bangalore|sf		2	0	3	1	shared_address_tokens_but_suppressed
S1-578764126	S2-87211941	us	murphy, davis and mitchell llc	murphydavismitchell.com	17 lawn avenue, quincy, ma	17 LAEN AVENUE, QUINCY, MA	0.8511	0.9615	False	False	False	False	False			17|ma|quincy		17	0	3	1	shared_address_tokens_but_suppressed
S1-275444673	S2-202063369	us	pollard and taylor care	pollardtaylorcare.com	195 lafayette street, unit 5, salem, ma	195 LAFAYETTE STREET, SALEM, MA	0.85	0.8857	False	False	False	False	False			195|lafayette|ma|salem		195	0	4	1	shared_address_tokens_but_suppressed
S1-403517648	S2-343686969	us	hall & dennis inc	HALLDENNIS.COM	23-49 31 road, astoria, ny	NY, ASTORIA, NULL, 31 RD	0.8462	0.48	False	False	False	False	False			31|astoria|ny		31	0	3	1	shared_address_tokens_but_suppressed
S1-286576790	S2-280468184	us	orange wildlife midwest society	orangewildlifemidwest.com	405 rhode island street, orange, tx	405 RHODE ISLAND SAINT, ORANGE, TX	0.8462	0.8986	False	False	False	False	False			405|island|orange|rhode|tx		405	0	5	1	shared_address_tokens_but_suppressed
S1-866369736	S2-534202335	us	cdr digital, inc	cdrdigital.com	grove, ny, 11852 16	GROVE, 11852D 16, NY	0.8462	0.7692	False	False	False	False	False			16|grove|ny		16	0	3	1	shared_address_tokens_but_suppressed
S1-286576790	S2-952632963	us	orange wildlife midwest society	orangewildlifemidwestcom	405 rhode island street, orange, tx	ORANGE, TX, 405 RHODE ISLAND STREET	0.8462	0.6571	False	False	False	False	False			405|island|orange|rhode|tx		405	0	5	1	shared_address_tokens_but_suppressed
S1-472216423	S2-205657484	us	iw internet llc	iwinternet.com	277 pine street, ma, lowell	PINE STREET, LOWELL, MA	0.8462	0.76	False	False	False	False	False			lowell|ma|pine			0	3	0	shared_address_tokens_but_suppressed
S1-220020462	S2-633582175	us	red pizza	... redpizza.com	15 wells avenue, east hartford, ct	EAST HARTFORD, CT, 15- WELLS AVENUE	0.8421	0.4928	False	False	False	False	False			15|ct|east|hartford|wells		15	0	5	1	shared_address_tokens_but_suppressed
S1-120433302	S3-784116632	india	authentic electro ltd	Authenticelectro.Com	house no. s-219, basement, greater kailash-ii, new delhi, south delhi, delhi	House No. S-2-19, Basement, Greater Kailash-ii, New Delhi, South Delhi, दिल्ली	0.8421	0.9221	False	False	False	False	False			basement|delhi|greater|house|ii|kailash|new|no|s|south			0	10	0	shared_address_tokens_but_suppressed
S1-566710238	S3-854210758	india	vita & sons	vitasons.com	bangalore north, karnataka, bangalore, khata 1, sai baba temple road, green garden layout, plot no. 150	Khata 1, Sai Baba Temple Road, Green Garden Layout, Plot No. #150, KA, Bangalore North, Bangalore	0.8421	0.64	False	False	False	False	False			1|150|baba|bangalore|garden|green|khata|layout|no|north|plot|sai|temple		1|150	0	13	2	shared_address_tokens_but_suppressed
S1-707760473	S2-942417161	us	mulford, ruiz and singh	mulfordruizsingh.com	49 terrace court, carmel, in	049 TERRACE COURT, CARMEL  CITY, IN	0.8421	0.9032	False	False	False	False	False			carmel|court|in|terrace			0	4	0	shared_address_tokens_but_suppressed
S1-355360961	S2-282511726	us	internal medicine center	#internalmedicine	7 third street, andover, ny	7 TIHRD STREET, ANDOVER, NY	0.8421	0.963	False	False	False	False	False			7|andover|ny		7	0	3	1	shared_address_tokens_but_suppressed
S1-912947277	S3-178991475	india	biomedical institute of technology pvt ltd	biomedicalinstitutetechnology.com	plot no10, kila no69, 1st floor, hans enclave, sadar bazar, gurgaon, haryana	#10, Sadar Bazar, Gurgaon, HR	0.8406	0.5333	False	False	False	False	False			bazar|gurgaon|sadar			0	3	0	shared_address_tokens_but_suppressed
S1-234439628	S3-321597792	us	solstice clinic	Sólsticeclinic.Com	337 central avenue, unit unit a, lawrence, ny	250-252 Central Ave, Unit Unit A, Lawrence, New York	0.8387	0.8041	False	False	False	False	False			a|central|lawrence			0	3	0	shared_address_tokens_but_suppressed
S1-200383237	S3-579284180	india	nangloi services ltd	Nangloiservices.Com	h, no. a 89 a, kh no. 71/23, ambika nihal vihar, nangloi, new delhi, delhi	Nangloi, DL, H, New Delhi	0.8333	0.3636	False	False	False	False	False			delhi|h|nangloi|new			0	4	0	shared_address_tokens_but_suppressed
S1-436012166	S3-220319606	us	white liberty otg llc	whítelibertyotg.com	345 forest creek drive, seneca, sc	345- Forest Creek Drive, Seneca, South Carolina	0.8333	0.8395	False	False	False	False	False			345|creek|forest|seneca		345	0	4	1	shared_address_tokens_but_suppressed
S1-716162798	S3-357171709	us	butts & sinclair coca llc	buttssinclair.com	93 scott avenue, nashville, tn	93 Scott Ave, Nashville, Tennessee	0.8333	0.8438	False	False	False	False	False			93|nashville|scott		93	0	3	1	shared_address_tokens_but_suppressed
S1-834788095	S3-168287171	us	sanchez crystal royce	sanchezcrystal.com	323 32nd avenue, ia, clinton	323 32nd Avenue, Clinton, Iowa	0.8333	0.8276	False	False	False	False	False			323|32nd|clinton		323	0	3	1	shared_address_tokens_but_suppressed
S1-946299217	S2-886169100	us	veneex	Véneex	103 edwards street, unit 302, edmond, ok	103 EDWARDS SAINT, EDMOND, OK	0.8333	0.7536	False	False	False	False	False			103|edmond|edwards|ok		103	0	4	1	shared_address_tokens_but_suppressed
S1-81823137	S2-974315872	us	green hall inc	greenhall.com	126 grand avenue, fort thomas, ky	126 GARND AVENUE, FORT THOMAS, KY	0.8333	0.9697	False	False	False	False	False			126|fort|ky|thomas		126	0	4	1	shared_address_tokens_but_suppressed
S1-263724589	S2-944820444	us	gadaon	6adaon	tx, 900 30, garland	900 30, GARLAND, TX	0.8333	0.7895	False	False	False	False	False			30|900|garland|tx		30|900	0	4	2	shared_address_tokens_but_suppressed
S1-572490154	S2-915804541	india	krishan services ltd	KRISHANSERVICES.COM	g-31, preet vihar, delhi	BLOCK C-A-189 G-31, PREET VIHAR, Delhi	0.8333	0.7742	False	False	False	False	False			31|delhi|g|preet|vihar		31	0	5	1	shared_address_tokens_but_suppressed
S1-252242682	S2-84842746	us	aggie e. nagle, l.c.s.w.	*** aggieenagle.com	11900 54th avenue, plymouth, mn	54ND AVENUE, MINNEAPLIS, MN	0.8276	0.5862	False	False	False	False	False			mn			0	1	0	shared_address_tokens_but_suppressed
S1-762502330	S2-558748284	us	petrov custom fifth	@petrovcustom	1614 brookfield street, south bend, in	614 BROOKFIELD ST, SOUTH BEND, IN	0.8276	0.9296	False	False	False	False	False			bend|brookfield|in|south			0	4	0	shared_address_tokens_but_suppressed
S1-154837922	S3-55451203	india	oswal hospitals ltd	oswalhospitals.com	d 35/223, 3rd floor jangambari, varanasi, uttar pradesh	D 35/223, Varanasi, उत्तर प्रदेश	0.8235	0.4828	False	False	False	False	False			223|35|d|varanasi		35/223	0	4	1	shared_address_tokens_but_suppressed
S1-336349403	S2-302599338	india	yamuva software llp	yamuvasoftware.com	p-38, india exchange place, calcutta-1., calcutta, west bengal	P-38, INDIA EXCHANGE PLACE, CALCUTTA-1., West Bengal	0.8235	0.9123	False	False	False	False	False			1|38|bengal|calcutta|exchange|india|p|west		1|38	0	8	2	shared_address_tokens_but_suppressed
S1-308193460	S2-343194069	india	advantage drugs ltd	advantagedrugs.com	26/5 second floor, east patel nagar, new delhi, central delhi, delhi	DOOR NO 26/5 SECOND FLOOR, EAST PATEL NAGAR, NEW DELHI, Delhi	0.8235	0.8217	False	False	False	False	False			26|5|delhi|east|nagar|new|patel|second		26/5	0	8	1	shared_address_tokens_but_suppressed
S1-781210509	S3-66890063	us	dorena richardson vanguard nextera inc	dorenarichardsonvanguardcom	31 augusta avenue, amherst, ny	31 Augusta Avenue, N/A, Amherst, New York	0.8197	0.8451	False	False	False	False	False			31|amherst|augusta		31	0	3	1	shared_address_tokens_but_suppressed
S1-191874708	S3-923289157	india	sky systems private limited	skysystemsprivate.com	lsc pocket-a sector-a vasant kunj-70, new delhi, delhi	Lsc Pcket-a Sector-a Vasant Kunj-70, New Delhi, <NULL>, दिल्ली	0.8182	0.8448	False	False	False	False	False			70|a|delhi|kunj|lsc|new|sector|vasant		70	0	8	1	shared_address_tokens_but_suppressed
S1-162875698	S2-163324008	us	pediatric dentistry partners	#PEDIATRICDENTISTRY	103 state street, athens, oh	103 STATE ST, ATHENS, OH	0.8182	0.9231	False	False	False	False	False			103|athens|oh|state		103	0	4	1	shared_address_tokens_but_suppressed
S1-419483044	S2-497881051	us	king aria llc	kingaria.com	215 grand avenue, unit apartment 609, old orchard beach, me	00215 GRAND AVE, OLD ORCHARD BEACH, ME	0.8182	0.7423	False	False	False	False	False			beach|grand|me|old|orchard			0	5	0	shared_address_tokens_but_suppressed
S1-365287517	S3-142422848	india	united infrastructure pvt ltd	Unitedinfrastructurecom	plot 37, sy.18, jai bharath colony, lal bazaar, trimulgherry, secunderabad, hyderabad, telangana	Plot 37, Hyderabad, Andhra Pradesh	0.8163	0.3692	False	False	False	False	False			37|hyderabad|plot		37	0	3	1	shared_address_tokens_but_suppressed
S1-77451241	S2-220002415	us	karim, askew and rose llc	KARIMASKEWROSE.COM	216 union street, seattle, wa	WA, SEATTLE, UNION ST	0.8108	0.44	False	False	False	False	False			seattle|union|wa			0	3	0	shared_address_tokens_but_suppressed
S1-451681499	S3-730018027	us	metropolitan bread inc.	Metr0politan Bréad	94 mill street, easton, ma	Mill Street, Easton, Massachusetts	0.8108	0.7667	False	False	False	False	False			easton|mill			0	2	0	shared_address_tokens_but_suppressed
S1-293909320	S3-555025476	india	s.g.highway krishna limited	sghighwaykrishna.com	a-204, solitaire corporate park, near divya bhaskar press, s.g.highway, ahmedabad, gujarat	A-c-204, S.g.highway, GJ	0.8095	0.386	False	False	False	False	False			204|a|g|s		204	0	4	1	shared_address_tokens_but_suppressed
S1-763496609	S3-510672652	india	shakti consulting limited	shakticonsulting.com	flat no. 8, c wing, sai tower chs ltd, ambadi road, vasai west, thane, maharashtra	Door No 8, Thane, MH	0.8095	0.3137	False	False	False	False	False			8|no|thane		8	0	3	1	shared_address_tokens_but_suppressed
S1-852745202	S3-597588392	india	sairam entertainment pvt ltd	Sairamentertainment.Com	pune, sh no-4, grd floor, k.p.c.t, b-wing, sn-10/1/1, wanawadi, pune, maharashtra	Sh No-4, Pune Region, Pune, MH	0.8085	0.3964	False	False	False	False	False			4|no|pune|sh		4	0	4	1	shared_address_tokens_but_suppressed
S1-174306760	S3-360070187	india	fairlink technologies limited	Mr fairlinktechnologies.com	56-g, pocket b-7, janta flats, mayur vihar phase-3, delhi, east delhi, delhi	56-G, Delhi, East Delhi, DL	0.8077	0.5243	False	False	False	False	False			56|delhi|east|g		56	0	4	1	shared_address_tokens_but_suppressed
S1-185163011	S2-808481913	us	johnston and baker, l.l.c.	JOHNSTONBAKER.COM	1100 bell road, unit 2089, phoenix, az	AZ, 1100- BELL RD, PHOENIX	0.8	0.6562	False	False	False	False	False			1100|az|bell|phoenix		1100	0	4	1	shared_address_tokens_but_suppressed
S1-433993741	S2-465574816	india	rp industries ltd	rpindustries.com	north delhi, roop nagar, delhi, 7/32, delhi	7/32, NORTH DELHI, DELHI	0.8	0.5373	False	False	False	False	False			32|7|delhi|north		7/32	0	4	1	shared_address_tokens_but_suppressed
S1-254804716	S2-17058936	us	ruff's liberty bistro	@ruffsliberty	104-48 francis lewis boulevard, queens village, ny	104-48 1/2 FRANCIS LEWIS BOULEVARD, QUEENS VILLAGE, NY	0.8	0.9615	False	False	False	False	False			104|48|francis|lewis|ny|queens|village		104-48	0	7	1	shared_address_tokens_but_suppressed
S1-253674677	S2-821473350	us	esparza trust inc.	ésparzatrust.com	801 indiana avenue, spokane, wa	799 INDIANA AVENUE, WA, SPOKANE	0.8	0.7742	False	False	False	False	False			indiana|spokane|wa			0	3	0	shared_address_tokens_but_suppressed
S1-20323463	S2-917671444	india	fortune software limited	fortunesoftware.com	a-195/10, road no.4, gali no. 10, 3rd floor, new delhi, south west delhi, delhi	Delhi, A-195/10, RAD NO.4, GALI NO. 10, 3RD FLOOR, NEW DELHI	0.8	0.7626	False	False	False	False	False			10|195|3rd|4|a|delhi|gali|new|no		10|195/10|4	0	9	3	shared_address_tokens_but_suppressed
S1-458365510	S3-860920917	us	paulita wilson columbia partners	Paulitawilsoncolumbia.Com	1550 beverly court, unit unit a, ontario, ca	550 Beverly Court, # UNIT A, Onatrio Township, California	0.7925	0.7525	False	False	False	False	False			a|beverly|court			0	3	0	shared_address_tokens_but_suppressed
S1-361229167	S3-877591751	us	dynamic technical holdings	dynamictechnical.com	15 broad oaks drive, houston, tx	15D Broad Oaks Dr, Houston, Texas	0.7907	0.8923	False	False	False	False	False			broad|houston|oaks			0	3	0	shared_address_tokens_but_suppressed
S1-572490154	S2-989847647	india	krishan services ltd	Mr krishanservices.com	g-31, preet vihar, delhi	BLOCK C-A-189 G-31, PREET VIHAR, Delhi	0.7895	0.7742	False	False	False	False	False			31|delhi|g|preet|vihar		31	0	5	1	shared_address_tokens_but_suppressed
S1-766866439	S3-498348336	india	mayura hygienic limited	Mayurahygienic.Com	305, 3rd floor, satguru, parinay, pu3, sch no. 54, indore, madhya pradesh	D/305, MP, Indore	0.7895	0.3111	False	False	False	False	False			305|indore		305	0	2	1	shared_address_tokens_but_suppressed
S1-242040203	S3-511341000	us	bridget c. yuan, l.c.s.w., p.c.	bridgetcyuan.com	905 fairfield avenue, elmhurst, il	905 Fairfield Ave, Elmhurst, Illinois	0.7879	0.8732	False	False	False	False	False			905|elmhurst|fairfield		905	0	3	1	shared_address_tokens_but_suppressed
S1-866587933	S3-608209592	india	(e) industries clinic	@Eindustries	shop no. 2, baijnath yadav compound, near om sai honda showroom, w.e. highway, jogeshwari, (e), mumbai, maharashtra	#2, Mumbai, (E), महाराष्ट्र	0.7857	0.1549	False	False	False	False	False			2|e|mumbai		2	0	3	1	shared_address_tokens_but_suppressed
S1-777331247	S3-937691167	us	allied biomedical concepts llc	*** Alliedbiomedical.Com	146 main street, tonawanda, ny	146-150 Main St, Tonawanda, New York	0.7826	0.7879	False	False	False	False	False			146|main|tonawanda			0	3	0	shared_address_tokens_but_suppressed
S1-415942410	S3-212897554	india	iu consultancy limited	iuconsultancy.com	109, star tower 1st floor, sri ganganagar, rajasthan	109, Star Tower 1St Floor, Sri Ganganagar, RJ	0.7778	0.9278	False	False	False	False	False			109|1st|ganganagar|sri|star|tower		109	0	6	1	shared_address_tokens_but_suppressed
S1-752808975	S3-799837556	india	hyderabad agro limited	hyderabadagro.com	39-109, plot no 109 a f co operative society, sainikpuri, hyderabad, telangana	B3/39-109, Hyderabad, TG	0.7778	0.4118	False	False	False	False	False			109|39|hyderabad		39-109	0	3	1	shared_address_tokens_but_suppressed
S1-449111526	S3-697036094	us	youth fund	Y0uth Fúnd	2 long hill terrace, new haven, ct	5 Long Hill Ter, New Haven, Connecticut	0.7778	0.7945	False	False	False	False	False			haven|hill|long|new			0	4	0	shared_address_tokens_but_suppressed
S1-613659910	S3-600494680	india	gujarat global limited	gujaratglobal.com	403, sarthik square, nr. gnfc tower, s.g. highway, bodakdev, ahmedabad, gujarat	403, Ahmedabad, GJ	0.7778	0.3711	False	False	False	False	False			403|ahmedabad		403	0	2	1	shared_address_tokens_but_suppressed
S1-428098138	S3-37650614	india	experia brothers pvt ltd	experiabrothers.com	71, kumawat colony, ajmer road, sodala, jaipur, rajasthan	637 71, Jaipur, RJ	0.7692	0.3733	False	False	False	False	False			71|jaipur		71	0	2	1	shared_address_tokens_but_suppressed
S1-606725408	S3-741068886	india	green consulting pvt ltd	greenconsulting.com	m-171, greater kailash-ii, new delhi, delhi	M-17, New Delhi, DL	0.7692	0.6129	False	False	False	False	False			delhi|m|new			0	3	0	shared_address_tokens_but_suppressed
S1-166915246	S3-116326580	india	multi technologies ltd	Multitechnologies.Com (ID: 45367)	no.6, 2nd floor, vip homes no.5, second main road, r.a.puram, chenn, ai, chennai, tamil nadu	#6, TN, Mandavelipakkam, Chennai	0.766	0.3387	False	False	False	False	False			6|chennai		6	0	2	1	shared_address_tokens_but_suppressed
S1-298079106	S3-510118495	us	juliane j. lugo, do, dds pc	julianejlugo.com	1011 4th street, unit 303, washington, dc	Fourth St, # 303, Washington, District of Columbia	0.7647	0.5934	False	False	False	False	False			303|washington		303	0	2	1	shared_address_tokens_but_suppressed
S1-862338675	S3-460733328	us	sloan mountain grid corp	#sloanmountain	3315 80th street, city of kenosha, wi	80rd St, City Of Kenosha, Wisconsin	0.7647	0.7222	False	False	False	False	False			city|kenosha|of			0	3	0	shared_address_tokens_but_suppressed
S1-598605289	S2-433191212	india	solutions nirmala tourism private limited	solutionsnirmalatourism.com	house no pvt 319, kh 4/25, gf, st- 19 blk - d colony, delhi, north delhi, delhi	PLOT 467 HOUSE NO PVT 319, KH 4/25, GF, ST- 19 BLK - D COLONY, DELHI, null, Delhi	0.7619	0.875	False	False	False	False	False			19|25|319|4|blk|colony|d|delhi|gf|house|kh|no|pvt		19|319|4/25	0	13	3	shared_address_tokens_but_suppressed
S1-598605289	S2-439202403	india	solutions nirmala tourism private limited	solutionsnirmalatourism.com	house no pvt 319, kh 4/25, gf, st- 19 blk - d colony, delhi, north delhi, delhi	PLOT 467 HOUSE NO PVT 319, KH 4/25, GF, ST- 19 BLK - D COLONY, DELHI, null, Delhi	0.7619	0.875	False	False	False	False	False			19|25|319|4|blk|colony|d|delhi|gf|house|kh|no|pvt		19|319|4/25	0	13	3	shared_address_tokens_but_suppressed
S1-460146213	S3-624868438	india	gujarat business llp	Shri @Gújaratbusiness	1-3-183/40/46/5, gandhi nagar hyderabad., andhra pradesh, telangana	1-3-183/40/46/5., Gandhi Nagar Hyderabad., Andhra Pradesh	0.7568	0.9032	False	False	False	False	False			1|183|3|40|46|5|andhra|gandhi|hyderabad|nagar|pradesh		1-3|183/40|46/5	0	11	3	shared_address_tokens_but_suppressed
S1-49535321	S3-354847677	us	primary care first physicians	primarycarefirst.com	in, milford, 6235 1100	006235 1100, Milford, Indiana	0.7556	0.4314	False	False	False	False	False			1100|milford		1100	0	2	1	shared_address_tokens_but_suppressed
S1-796459040	S3-552545911	us	daex premier property solutions inc	Daexpremierproperty.Com	303 36th avenue, hickory, nc	305 36th Avenue, Hickory, North Carolina	0.7547	0.7941	False	False	False	False	False			36th|hickory			0	2	0	shared_address_tokens_but_suppressed
S1-73905239	S3-836318099	india	avanti innovations (india) private limited	avantiinnovationsindia.com	d.no 2/145- 6, salem main road, puduchatram, namakkal, tamil nadu, namakkal, tamil nadu	2/145- 6, Namakkal, TN	0.7541	0.4037	False	False	False	False	False			145|2|6|namakkal		2/145|6	0	4	2	shared_address_tokens_but_suppressed
S1-274128166	S2-192403380	us	buus	Bcus	ga, atlanta, 455 ontario avenue	55 ONTARIO AVE, ATL, GA	0.75	0.5185	False	False	False	False	False			ga|ontario			0	2	0	shared_address_tokens_but_suppressed
S1-392214139	S3-694887844	india	jk college	Sri jkcollege.com	515, palm spring centre, link road, malad west, mumbai, maharashtra	Palm Spring Centre, Link Road, MH, Malad West, Mumbai, 515	0.75	0.816	False	False	False	False	False			515|centre|link|malad|mumbai|palm|spring|west		515	0	8	1	shared_address_tokens_but_suppressed
S1-107252663	S2-591519512	us	misner and cunningham inc	@MISNERCUNNINGHAM #37020	516 taylor street, arlington, tx	TX, 516 TAYLOR STREET, ARLINGTON	0.7442	0.875	False	False	False	False	False			516|arlington|taylor|tx		516	0	4	1	shared_address_tokens_but_suppressed
S1-221823648	S3-664166945	us	e t buffington rithm llc	etbuffington.com	11745 pine street, portland, or	Pine Street, Oregon, Potrland	0.7429	0.6667	False	False	False	False	False			pine			0	1	0	shared_address_tokens_but_suppressed
S1-921119146	S2-402138036	india	ey tradevision pvt ltd	eytradevision.com	16, shri chaitanaya state bank supervising official society, opp. i.i.m. new gate, v, astrapur, ahmedabad, gujarat	16/3, AHMEDABAD, ગુજરાત	0.7429	0.219	False	False	False	False	False			16|ahmedabad			0	2	0	shared_address_tokens_but_suppressed
S1-787572508	S2-788543006	us	genvieve dominguez fresh douglas partners	genvievedominguezfresh.com	337 glendale avenue, rockford, il	337- Glendale Avenue, ROCKFORD, IL	0.7419	0.9851	False	False	False	False	False			337|glendale|il|rockford		337	0	4	1	shared_address_tokens_but_suppressed
S1-313430849	S3-584168411	us	billye diaz freight	#billyediaz	816 dover castle lane, pflugerville, tx	Dover Castle Lane, Pflugerville, Texas	0.7407	0.9091	False	False	False	False	False			castle|dover|pflugerville			0	3	0	shared_address_tokens_but_suppressed
S1-835676480	S2-494760584	us	berny cuevas peak immersion corp	bernycuevaspeak.com	andover, 14831 eagle street, mn	EAGLE ST, ANDOVER CITY, MN	0.7391	0.4912	False	False	False	False	False			andover|eagle|mn			0	3	0	shared_address_tokens_but_suppressed
S1-166433106	S3-793394881	india	karigari tech corporation	karigaritech.com	a-37, ground floor, sector-63, noida, gautam buddha nagar, uttar pradesh	Ground Floor, Sector-63, #7-36 A-37, Gautam Buddha Nagar, UP, Noida	0.7368	0.7338	False	False	False	False	False			37|63|a|buddha|gautam|ground|nagar|noida|sector		37|63	0	9	2	shared_address_tokens_but_suppressed
S1-162770787	S2-630126685	india	morning medical centre private limited	morningmedicalcentrecom	e-38, flat no.108, first floor, rajouri garden, west delhi, new delhi, delhi	Delhi, NO. C-467 E-38, FLAT NO.108, FIRST FLOOR, RAJOURI GARDEN, NEW DELHI	0.7368	0.76	False	False	False	False	False			108|38|delhi|e|first|flat|garden|new|no|rajouri		108|38	0	10	2	shared_address_tokens_but_suppressed
S1-640023178	S2-331927530	india	jajodia (india) services private limited	jajodiaindiaservices.com	krishna nagar, delhi, b-8/9	B-8/9, KRISHNA NAGAR, दिल्ली	0.7368	0.5455	False	False	False	False	False			8|9|b|krishna|nagar		8/9	0	5	1	shared_address_tokens_but_suppressed
S1-428632	S2-995827088	us	wilson clear china, llc	@WILSONCLEAR	104 e south drive, mn, circle pines	104 E SOUTH DR, CIRCLE PINES, MN	0.7333	0.8358	False	False	False	False	False			104|circle|e|mn|pines|south		104	0	6	1	shared_address_tokens_but_suppressed
S1-304599971	S3-171504599	us	thomas clear eaton llc	@thomasclear	112 2nd avenue, columbia falls, mt	11 Second Avenue, Columbia Falls, Montana	0.7333	0.8533	False	False	False	False	False			columbia|falls			0	2	0	shared_address_tokens_but_suppressed
S1-865131206	S3-652513823	us	helios	Hiros	66 edgewood street, bridgeport, ct	Connecticut, 66 Edgewood St, Bridgeport	0.7273	0.7123	False	False	False	False	False			66|bridgeport|edgewood		66	0	3	1	shared_address_tokens_but_suppressed
S1-804765937	S3-69625800	india	redwood recycling pvt. ltd.	Smt redwoodrecycling.com	w-23, midc industrial area, nagpur, maharashtra	W-23, Nagpur, Midc Industrial Area, महाराष्ट्र	0.7273	0.6022	False	False	False	False	False			23|area|industrial|midc|nagpur|w		23	0	6	1	shared_address_tokens_but_suppressed
S1-535936959	S3-243767230	india	oqr plast ltd	oqrplast.com	104, haryana, sai complex gali no. 4, tigaon road, omaxe heights old gate, faridabad	102, Faridabad, HR	0.7273	0.2549	False	False	False	False	False			faridabad			0	1	0	shared_address_tokens_but_suppressed
S1-501651309	S3-510743250	india	motor trading pvt ltd	motortrading.com	302, ganesh palaza, gola ka mandir, gwalior, madhya pradesh	302, Gwalior, MP	0.7273	0.4267	False	False	False	False	False			302|gwalior		302	0	2	1	shared_address_tokens_but_suppressed
S1-105648976	S2-537635100	us	jolene farnham webster l.l.c.	@jolenefarnham	in, 11180 main street, flat rock	11180C MAIN ST, FLAT ROCK, IN	0.7222	0.7869	False	False	False	False	False			flat|in|main|rock			0	4	0	shared_address_tokens_but_suppressed
S1-46615290	S2-800017224	us	terre haute dermatology anchor associates llc	TERREHAUTEDERMATOLOGY.COM	215 poplar street, terre haute, in	TERRE HAUTE, IN, 215 POPLAR STREET	0.7188	0.5	False	False	False	False	False			215|haute|in|poplar|terre		215	0	5	1	shared_address_tokens_but_suppressed
S1-932913306	S2-246180588	us	drucie cruz pinnacle industrials l.l.c.	druciecruzpinnacle.com	50 evergreen drive, shelton, wa	50- EVERGREEN DR, SHELTON, WA	0.717	0.9333	False	False	False	False	False			50|evergreen|shelton|wa		50	0	4	1	shared_address_tokens_but_suppressed
S1-865131206	S2-657355663	us	helios	HELI0S LP	66 edgewood street, bridgeport, ct	66 EDGEWOOD ST, BRIDGEPORT, CT	0.7143	0.9375	False	False	False	False	False			66|bridgeport|ct|edgewood		66	0	4	1	shared_address_tokens_but_suppressed
S1-234364027	S2-703151421	india	good systems pvt ltd	GOODSYSTEMS.COM	c/85 a.g colony, patna, bihar	बिहार, C/85 A.G COLONY, PATNA	0.7097	0.7586	False	False	False	False	False			85|a|c|colony|g|patna		85	0	6	1	shared_address_tokens_but_suppressed
S1-333304824	S2-603808422	india	first infrastructure private limited	infrastructurefirstprivate.c0m	flat no 100, the la casa bonita h.no 1-65/20/105, ravindra layout, madha, pur, hyderabad, telangana	FLAT NO 100, PUR, HYDERABAD, తెలంగాణ	0.7097	0.4296	False	False	False	False	False			100|flat|hyderabad|no|pur		100	0	5	1	shared_address_tokens_but_suppressed
S1-552658307	S3-660932884	india	yamuora agro pvt. ltd.	yamuoraagro.com	gr fl-fr, fl-13/ higu, 13/2 biren roy road(west), kolkata, kolkata, howrah, west bengal	Gr Fl-fr, Calcutta, Howrah, পশ্চিমবঙ্গ	0.7097	0.4	False	False	False	False	False			fr|gr|howrah			0	3	0	shared_address_tokens_but_suppressed
S1-964972529	S2-382996334	india	rohtak (india) pvt ltd	rohtakindia.com	557, old housing board, lig phase ii rohtak, rohtak, haryana	57, OLD HOUSING BOARD, LIG PHASE II ROHTAK, ROHTAK, Haryana	0.7097	0.9916	False	False	False	False	False			board|haryana|housing|ii|lig|old|phase|rohtak			0	8	0	shared_address_tokens_but_suppressed
S1-28205922	S3-368374810	us	green aerospace company	greenaerospace.com - 4465701978	richmond, ky, 613 beaumont court	613 Beaumont Ct, Richmond, Kentucky	0.7083	0.4776	False	False	False	False	False			613|beaumont|richmond		613	0	3	1	shared_address_tokens_but_suppressed
S1-731277614	S2-400623417	us	sharma better clearthink	#sharmabetter	5621 southern pkwy, louisville, ky	SOUTHERN PKWY, LOUISVILLE, KY	0.7059	0.9206	False	False	False	False	False			ky|louisville|southern			0	3	0	shared_address_tokens_but_suppressed
S1-506578606	S3-585805361	us	secure cloud brands llc	cloudbrands.com	321 6th street, duluth, mn	0321 6nd St, Duluth, Minnesota	0.7059	0.7143	False	False	False	False	False			duluth			0	1	0	shared_address_tokens_but_suppressed
S1-318259834	S2-502223404	us	browne united resorts inc	#browneunited	5 heritage lane, silver city, nm	NM, SILVER CITY, 5 HERITAGE LN	0.7059	0.5484	False	False	False	False	False			5|city|heritage|nm|silver		5	0	5	1	shared_address_tokens_but_suppressed
S1-457275113	S2-970321737	us	royal express southern co	#royalexpress	320 university avenue, unit apt 3307, little rock, ar	320-322 UNIVERSITY AVENUE, LITTLE ROCK, AR	0.7059	0.8	False	False	False	False	False			320|ar|little|rock|university			0	5	0	shared_address_tokens_but_suppressed
S1-448345019	S3-452820751	india	urban construction private limited	urbanconstruction.com	flat no. b1/604, minar regency talao pali mumbra, thane, maharashtra	#899 Flat No. B1/604, Thane, महाराष्ट्र	0.7059	0.4486	False	False	False	False	False			604|b1|flat|no|thane		604	0	5	1	shared_address_tokens_but_suppressed
S1-764157893	S2-340466652	us	valadez & upton drive lp	valadezupton.com	francis, 56 scenic heights road, ut, bldg vacant parcel	56 SCENIC HEIGHTS RD, KAMAS, UT	0.7059	0.5581	False	False	False	False	False			56|heights|scenic|ut		56	0	4	1	shared_address_tokens_but_suppressed
S1-702868476	S3-831828893	us	micheline seguin audio installation group	michelineseguinaudio.com	324 prairie street, greenville, il	Greenvile, 324 Prairie St, Illinois	0.7	0.5217	False	False	False	False	False			324|prairie		324	0	2	1	shared_address_tokens_but_suppressed
S1-50821480	S2-265833219	india	sr trexim private limited	treximsrprivate.com	shop no. 3 j - 5/33, rajouri garden, new delhi, west delhi, delhi	WEST DELHI, SHOP NO. C-3 J - 5/33, Delhi	0.7	0.4952	False	False	False	False	False			3|33|5|delhi|j|no|shop|west		3|5/33	0	8	2	shared_address_tokens_but_suppressed
S1-13065538	S3-48909502	india	yara (india) partnership llp	indiapartnershipyara.com	b 104, shankardham sra chs ltd, nehru road, vakola, beside p&t colony, santacruz (ea, st), mumbai, mumbai city, maharashtra	B 104, Mumbai, Santacruz Mumbai, MH	0.6957	0.3924	False	False	False	False	False			104|b|mumbai|santacruz		104	0	4	1	shared_address_tokens_but_suppressed
S1-933440839	S3-708775041	india	eastern logistics private limited	easternlogistics.com	#101, auchyut mazon, h.no.7-1-621/48, s.r nagar, hyderabad, telangana	Hyderabad, #101, Andhra Pradesh, Hyderabad	0.6939	0.3964	False	False	False	False	False			101|hyderabad		101	0	2	1	shared_address_tokens_but_suppressed
S1-324568151	S3-130596336	india	maan construction private limited	Maanconstruction.Com	house no 07, street no.1, 194 & 197 ahallya nagar, mukundapur, kolkata, kolkata, howrah, west bengal	Huose No 07, Kolkata, Howrah, WB	0.6939	0.4697	False	False	False	False	False			07|howrah|kolkata|no		07	0	4	1	shared_address_tokens_but_suppressed
S1-362740544	S3-227775286	india	dhanasree farming private limited	dhanasreefarming.com	ahmedabad, 303, navrangpura, gujarat, b. k. house, c.g.road	303, B. K. House, C.g.road, Navrangpura, Ahmedabad, GJ	0.6939	0.4602	False	False	False	False	False			303|ahmedabad|b|c|g|house|k|navrangpura		303	0	8	1	shared_address_tokens_but_suppressed
S1-966218415	S3-90840365	india	best technology private limited	technologybestprivate.com	flat no 303, 11 hill view, cts 1049/1064/11, shivaji nagar, pune, maharashtra	#303, Pune Region, Pune, महाराष्ट्र	0.6923	0.2857	False	False	False	False	False			303|pune		303	0	2	1	shared_address_tokens_but_suppressed
S1-28052141	S2-841453770	us	mccray ace crumrine	@mccrayace	118 prospect street, unit apartment 1z, ithaca, ny	118 PROSPECT ST, ITHACA, NY	0.6923	0.7013	False	False	False	False	False			118|ithaca|ny|prospect		118	0	4	1	shared_address_tokens_but_suppressed
S1-277300099	S3-488534225	us	john taxable company	@Johntaxab1e	tx, houston, 2013 campbell road	Houston, Texas, 2013b Campbell Road, PMB 6004	0.6897	0.7105	False	False	False	False	False			campbell|houston			0	2	0	shared_address_tokens_but_suppressed
S1-300034658	S2-816273202	india	singla pure pvt ltd	singlapure.com	cuttack, at/po--kalyani nagar(a v m tower), orissa, cuttack	AT/PO--KALYANI NAGAR(A V M TOWER), CUTTACK, Odisha	0.6897	0.7706	False	False	False	False	False			a|at|cuttack|kalyani|m|nagar|po|tower|v			0	9	0	shared_address_tokens_but_suppressed
S1-748942318	S3-36588670	india	swb heights pvt. ltd.	swbheights.com	industrial area sion, 111, mumbai, maharashtra	111, Industrial Area Sion, Mumbai, MH	0.6897	0.7711	False	False	False	False	False			111|area|industrial|mumbai|sion		111	0	5	1	shared_address_tokens_but_suppressed
S1-89093509	S3-3598545	india	saini drinks limited	Sri sainidrinks.com	d 35 pocket c mayur vihar phase ii, east delhi, delhi	D G-35 Pocket C Mayur Vihar Phase Ii, Preet Vihar, DL	0.6857	0.8302	False	False	False	False	False			35|c|d|ii|mayur|phase|pocket|vihar		35	0	8	1	shared_address_tokens_but_suppressed
S1-805336245	S2-737006151	india	anchor farmers pvt ltd	Sri anchorfarmers.com	c-42, sector-34, noida, noida, gautam buddha nagar, uttar pradesh	C-42, SECTOR-34, NOIDA, NOIDA, उत्तर प्रदेश	0.6842	0.5926	False	False	False	False	False			34|42|c|noida|sector		34|42	0	5	2	shared_address_tokens_but_suppressed
S1-824076722	S3-691802600	india	al enterprises pvt ltd	Smt Alenterprises.Com	office no-201, 2nd floor, global square, cts no-1505, s.no-247, yerwada, pune city, pune, maharashtra	Offcie No-201, Pune City, Pune, महाराष्ट्र	0.6842	0.4336	False	False	False	False	False			201|city|no|pune		201	0	4	1	shared_address_tokens_but_suppressed
S1-546089988	S2-497447317	us	bacher, shurtleff and stroud roman	@BACHERSHURTLEFF	52 chester street, saint paul, mn	52 CHESTER STREET, SAINT PAUL TOWNSHIP, MN	0.6818	0.88	False	False	False	False	False			52|chester|mn|paul|saint		52	0	5	1	shared_address_tokens_but_suppressed
S1-224016706	S3-966691142	india	bespoke services private limited	bespokeservices.com	siddhi tower, 4th floor, sr no 5a/1, kondhwa, maharashtra, office no 1, pune city, pune	Office No 1., Pune, MH	0.6809	0.3486	False	False	False	False	False			1|no|office|pune		1	0	4	1	shared_address_tokens_but_suppressed
S1-579725984	S3-425348894	india	shwas automation private limited	shwasautomation.com	mig 2, group 3, khb colony hootagally, #65, mysore, karnataka, mysore	#65, Mysore, KA	0.6809	0.3571	False	False	False	False	False			65|mysore		65	0	2	1	shared_address_tokens_but_suppressed
S1-303060578	S2-425763714	us	randazzo, stewart & wingate boral lp	randazzostewart.com	109 river street, unit 24, cambridge, ma	109 RIVER ST, CAMBRIDGE, MA	0.6809	0.806	False	False	False	False	False			109|cambridge|ma|river		109	0	4	1	shared_address_tokens_but_suppressed
S1-151073973	S3-849299549	india	mysore opticals private limited	Mysoreopticals.Com	no 1173ch, chamarajapuram, mysore, karnataka	No 11-73Ch, Mysore, KA	0.6667	0.6364	False	False	False	False	False			mysore|no			0	2	0	shared_address_tokens_but_suppressed
S1-40108076	S2-369109954	india	apolo polytechnic private limited	M/s apolopolytechnic.com	gurgaon, haryana, gurgaon, j-7/5 dlf phase-ii gurgaon	J-7/5  DLF PHASE-II GURGAON, GURGAON, Haryana	0.6667	0.5361	False	False	False	False	False			5|7|dlf|gurgaon|haryana|ii|j|phase		7/5	0	8	1	shared_address_tokens_but_suppressed
S1-716917585	S2-701644813	us	o+ abrdn clinic	oabrdn.com	1142 c walker road, unit ste c, fairfax county, va	01142 C WALKER ROAD, GREAT FALLS, VA	0.6667	0.6512	False	False	False	False	False			c|va|walker			0	3	0	shared_address_tokens_but_suppressed
S1-873228324	S2-142089535	india	nd west projects pvt ltd	ndwestprojects.com #19067	306, runwal heights commercial complex, opp. nirmal lifestyle, l.b.s. marg, mulu, nd west, mumbai, maharashtra	NO. 664 306, MUMBAI, ND WEST, Maharashtra	0.6667	0.3841	False	False	False	False	False			306|maharashtra|mumbai|nd|west		306	0	5	1	shared_address_tokens_but_suppressed
S1-838780973	S3-80980247	india	sgj liquor pvt ltd	sgjliquor.com	pune, maharashtra, kumar trade center dhankawadi, s.no 19a/3 b	S.no 9A/3 B, Pune, MH	0.6667	0.1928	False	False	False	False	False			3|b|no|pune|s			0	5	0	shared_address_tokens_but_suppressed
S1-853053883	S3-38154376	us	woodson preferred constellation inc	#woodsonpreferred	7 plum street, danville, oh	7 Plum St, Danville, Ohio	0.6667	0.8846	False	False	False	False	False			7|danville|plum		7	0	3	1	shared_address_tokens_but_suppressed
S1-932827505	S2-204169449	india	jk technologies private limited	jktechnologies.com	a-107, sector-63, g b nagar, noida, gautam buddha nagar, uttar pradesh	उत्तर प्रदेश, 291 A-107, GAUTAM BUDDHA NAGAR, NOIDA	0.6667	0.4793	False	False	False	False	False			107|a|buddha|gautam|nagar|noida		107	0	6	1	shared_address_tokens_but_suppressed
S1-574668375	S3-59072810	india	bd dham ltd	bddham.com	n-219 greater kailash part-ii, new delhi, south delhi, delhi	Plot 407 N-219 Greater Kailash Pat-ii, New Delhi, South Delhi, DL	0.6667	0.896	False	False	False	False	False			219|delhi|greater|ii|kailash|n|new|south		219	0	8	1	shared_address_tokens_but_suppressed
S1-745839307	S3-218169504	india	innovative agro private limited	innovativeagro.com	no.1, ground floor, h i m towers, 9th cross kempegowd layout nageshwara nagebahalli, bangalore, karnataka	No.g-1, Bangalore, KA	0.6667	0.3016	False	False	False	False	False			1|bangalore|no		1	0	3	1	shared_address_tokens_but_suppressed
S1-795245610	S3-561975575	us	village of howard regional midwest chiropractic	villagehowardregional.com	1844 maplewood avenue, village of howard, wi	Maplewood Ave, Village Of Howard, Wisconsin	0.6667	0.8276	False	False	False	False	False			howard|maplewood|of|village			0	4	0	shared_address_tokens_but_suppressed
S1-568217118	S3-409229792	us	simms osisko inc	sosisko.com	3113 springdale avenue, glenview, il	Illinois, Glenview, 3113b Springdale Ave	0.6667	0.5	False	False	False	False	False			glenview|springdale			0	2	0	shared_address_tokens_but_suppressed
S1-753671400	S2-401579704	india	jude marketing private limited	*** judemarketing.c0m	shop no 2, p no 50b sector, 20b, navi mumbai, thane, maharashtra	NO ##2, THANE, Maharashtra	0.6512	0.5333	False	False	False	False	False			2|maharashtra|no|thane		2	0	4	1	shared_address_tokens_but_suppressed
S1-839731006	S2-421900822	india	zy enterprises private limited	zyenterprises.com	a-99, second floor lajpat nagar-iv, delhi, south delhi, delhi	A-99, SECOND FLOOR LAJPAT NAGAR-IV, SOUTH DELHI, DELHI	0.6512	0.9391	False	False	False	False	False			99|a|delhi|iv|lajpat|nagar|second|south		99	0	8	1	shared_address_tokens_but_suppressed
S1-81031831	S3-625796938	india	learn services private limited	learnservices.com	a 1/256, safdarjung enclave, new delhi, delhi	A 1/256, Safdarjung Enclave, South, DL	0.6512	0.8193	False	False	False	False	False			1|256|a|enclave|safdarjung		1/256	0	5	1	shared_address_tokens_but_suppressed
S1-593999035	S3-998647516	india	vikalp trading private limited	vikalptrading.com	hig 28, balagi nagar kukatpally, hyderabad, telangana	Hig 29, Hyderabad, Andhra Pradesh	0.6512	0.5116	False	False	False	False	False			hig|hyderabad			0	2	0	shared_address_tokens_but_suppressed
S1-877175483	S2-114929636	us	classic seneca, inc.	Ínc. C1assic Seeea	il, 303 white oak court, east peoria	303 WHITE OAK CT, EAST PEORIA, IL	0.6452	0.8406	False	False	False	False	False			303|east|il|oak|peoria|white		303	0	6	1	shared_address_tokens_but_suppressed
S1-678830008	S3-713716465	india	nqk property pvt ltd	nqkpróperty.com	block k new mahavir nagar, house no.57 2nd floor, west delhi, new delhi, delhi	House No.57 2Nd Floor, New Delhi, West Delhi, DL	0.6452	0.5873	False	False	False	False	False			2nd|57|delhi|house|new|no|west		57	0	7	1	shared_address_tokens_but_suppressed
S1-943879014	S3-420174178	india	crj traders of mysore private limited	Mr crjtradersmysore.com	no. 36, 3rd stage, hale kesare, rs naidu nagar, mysore, karnataka	No. #36, Mysore, ಕರ್ನಾಟಕ	0.6415	0.3596	False	False	False	False	False			36|mysore|no		36	0	3	1	shared_address_tokens_but_suppressed
S1-211820155	S3-497634068	india	zqw cloud pvt ltd	Zqwcloud.Com	rajipa green land residency opp jivan jyot society, viratnagar, ahmedabad, shop no d-25, ahmedabad, gujarat	Shop No D-25, Ahmedabad, GJ	0.64	0.403	False	False	False	False	False			25|ahmedabad|d|no|shop		25	0	5	1	shared_address_tokens_but_suppressed
S1-942104958	S3-887375431	india	force wealthtech private limited	Smt forcewealthtech.com	pune, 148, maharashtra, pune, ganesh nagar colony no. 12 pune	415 148, Pune, महाराष्ट्र	0.64	0.2791	False	False	False	False	False			148|pune		148	0	2	1	shared_address_tokens_but_suppressed
S1-791201903	S3-511845533	us	plumbers union local no 389	Plumberslocalunion.Com	412 grant avenue, altoona, pa	Grant Ave, Altoona, Pennsylvania	0.6364	0.7213	False	False	False	False	False			altoona|grant			0	2	0	shared_address_tokens_but_suppressed
S1-873299304	S3-245943491	india	all marketing private limited	allmarketing.com	a-62/5, ground floor, back side, g.t. karnal road, industrial area, delhi, north west delhi, delhi	A-62/5, Ground Floor, Back Side, G.t. Karnal Road, Industrial Area, Delhi, North West Delhi, DL	0.6341	0.9845	False	False	False	False	False			5|62|a|area|back|delhi|g|ground|industrial|karnal|north|side|t|west		62/5	0	14	1	shared_address_tokens_but_suppressed
S1-17225841	S2-514287364	india	maven traders private limited	maventraders.com	plot no. 40, 41 and 42, survey no. 54, kondapur, hyderabad, telangana	NO 40 , 41 AND 42, SURVEY NO. 54, KONDAPUR, HYDERABAD, తెలంగాణ	0.6341	0.8244	False	False	False	False	False			40|41|42|54|and|hyderabad|kondapur|no|survey		40|41|42|54	0	9	4	shared_address_tokens_but_suppressed
S1-808341524	S2-455072565	india	bold & brothers private limited	boldbrothers.com	a - 2 / 108, iii floor janak puri, new delhi, delhi	A - 2 / 108, III FLOOR JANAK PURI, Delhi	0.6341	0.8791	False	False	False	False	False			108|2|a|delhi|iii|janak|puri		108|2	0	7	2	shared_address_tokens_but_suppressed
S1-824885867	S3-629000546	india	thomas cement private limited	Thomascement.Com	maharashtra, siddhi vinayak tower, chs ltd, cs complex, road no. 3, near sudhindra nagar, dahisar (e), dahisar east, 302, mumbai	302, Mumbai, MH	0.6341	0.1538	False	False	False	False	False			302|mumbai		302	0	2	1	shared_address_tokens_but_suppressed
S1-137046510	S3-657963678	india	city producer private limited	Cityproducer.Com	116 jaipur house, agra, uttar pradesh	#116 Jaipur House, Jaipur, Agra, UP	0.6341	0.7222	False	False	False	False	False			116|agra|house|jaipur		116	0	4	1	shared_address_tokens_but_suppressed
S1-940977934	S3-725838438	india	united &marketing limited	umarketing.com	2/66 arya mohalla, nangloi, east delhi, delhi	H.no 002/66 Ayra Mohalla, Nangloi, East Delhi, DL	0.6286	0.8723	False	False	False	False	False			66|delhi|east|mohalla|nangloi			0	5	0	shared_address_tokens_but_suppressed
S1-458365510	S2-547659164	us	paulita wilson columbia partners	@paulitawilson	1550 beverly court, unit unit a, ontario, ca	BEVERLY COURT, ONTARIO, CA	0.619	0.7429	False	False	False	False	False			beverly|ca|court|ontario			0	4	0	shared_address_tokens_but_suppressed
S1-599820534	S2-230670167	india	moms brothers ltd	momsbros.com	903-904, brigade towers 135 brigade road, bangalore, karnataka	903-904, BRIGADE TOWERS 135 BRIGADE ROAD, BANGALORE, ಕರ್ನಾಟಕ	0.6154	0.8689	False	False	False	False	False			135|903|904|bangalore|brigade|towers		135|903-904	0	6	2	shared_address_tokens_but_suppressed
S1-25300635	S2-970190224	india	nv recyclers private limited	nvrecyclers.com	# 54/1, bangalore, karnataka, bengaluru, 2nd floor, c.r.m complex, kogilu main road, maruthi nagara, yelahanka	54/1, BENGALURU NORTH, BANGALORE, ಕರ್ನಾಟಕ	0.6154	0.2252	False	False	False	False	False			1|54|bangalore|bengaluru		54/1	0	4	1	shared_address_tokens_but_suppressed
S1-639113964	S3-162016364	india	tk breweries private limited	tkbreweries.com	unit no. 2, raheja centre, ground floor free press journal marg, nariman point, mumbai, mumbai city, maharashtra	Unit No. G-2, Mumbai, Mumbai City, MH	0.6154	0.4698	False	False	False	False	False			2|city|mumbai|no		2	0	4	1	shared_address_tokens_but_suppressed
S1-925471453	S3-257705202	india	annapurna wind (india) pvt. ltd.	@annapumawind	q-203, 2nd floor, tower-q, plot no.- gh-001, prateek wisteria, noida, sector-77, noida, gautam buddha nagar, uttar pradesh	Q-203, Noida, Gautam Buddha Nagar, UP	0.6111	0.4654	False	False	False	False	False			203|buddha|gautam|nagar|noida|q		203	0	6	1	shared_address_tokens_but_suppressed
S1-558771841	S3-304724688	us	modern textile studios llc	studiosmoderntextile.com	911 red oak drive, western springs, il	911 Red Oak Drive, Western Springs, Illinois	0.6087	0.9268	False	False	False	False	False			911|oak|red|springs|western		911	0	5	1	shared_address_tokens_but_suppressed
S1-156883486	S3-71161271	us	gainey, shanahan and brown chs inc	gaineybrownshanahan.com	604 grand lake boulevard, west chicago, il	604 Grand Lake Boulevard, West Chicago, Illinois	0.6	0.9333	False	False	False	False	False			604|chicago|grand|lake|west		604	0	5	1	shared_address_tokens_but_suppressed
S1-697777760	S3-616793657	india	white care pvt ltd	Smt whitecare.com	jalandhar, punjab, jalandhar, 195, model town	195, Model Town, Jalandhar, ਪੰਜਾਬ	0.6	0.3846	False	False	False	False	False			195|jalandhar|model|town		195	0	4	1	shared_address_tokens_but_suppressed
S1-476625263	S2-745740225	us	physical therapy partners of windsor inc	@physicaltherapy	27 red pine drive, me, windsor	WINDSOR, 27 RED PINE DRIVE, ME	0.6	0.7	False	False	False	False	False			27|me|pine|red|windsor		27	0	5	1	shared_address_tokens_but_suppressed
S1-12521080	S3-81417064	us	carrillo solutions llc	Solutionscarrillo.Com	1016 washington road, md, westminster	101 Washington Rd, Westminster, Maryland	0.6	0.7792	False	False	False	False	False			washington|westminster			0	2	0	shared_address_tokens_but_suppressed
S1-766392501	S3-305332402	india	vision agro private limited	Visionagro.Com	plot no.14, street no.8, ravindra nagar colony, habsiguda, secunderabad, hyderabad, telangana	H.no 14, Secunderabad, Hyderabad, Andhra Pradesh	0.5946	0.4965	False	False	False	False	False			14|hyderabad|no|secunderabad		14	0	4	1	shared_address_tokens_but_suppressed
S1-594125530	S3-872987423	india	oos academy private limited	oosacademy.com	e-309, crystal plaza premises co-op. soc. ltd., 3 flr., room-a, opp infinity mall, andheri, (west), mumbai, maharashtra, mumbai city	E-309, Mumbai, Mumbai City, महाराष्ट्र	0.5946	0.3059	False	False	False	False	False			309|city|e|mumbai		309	0	4	1	shared_address_tokens_but_suppressed
S1-487189073	S2-88098154	us	carole's management	caroles.com	142 elmwood avenue, syracuse, ny	ELMWOOD AVE, SYRACUSE, NY	0.5926	0.8772	False	False	False	False	False			elmwood|ny|syracuse			0	3	0	shared_address_tokens_but_suppressed
S1-512951493	S3-74273549	india	zb producer private limited	zbproducer.com (ID: 37113)	bldg no-1, flat no-105, landscape heritage, ambarnath thane ambarnath(mcl), ambarnath, thane, maharashtra	Bldg No-1, Thane, MH	0.5909	0.32	False	False	False	False	False			1|no|thane		1	0	3	1	shared_address_tokens_but_suppressed
S1-602806324	S3-600381825	india	enjoy & sons	esons.com	sf no.21/4b, pavan garden, p.n.pudur, coimbatore, coimbatore, tamil nadu	Sf No.21/4b, Coimbatore, தமிழ்நாடு	0.5882	0.4717	False	False	False	False	False			21|4b|coimbatore|no|sf		21/4b	0	5	1	shared_address_tokens_but_suppressed
S1-925404217	S3-243436084	india	bion & partners private limited	bíonpartners.com	4th floor, kb complex alpha 2, gautam buddha nagar, greater noida, office no. 27, uttar pradesh	Greater Noida, Gautam Buddha Nagar, Office No. 27, UP	0.5854	0.5946	False	False	False	False	False			27|buddha|gautam|greater|nagar|no|noida|office		27	0	8	1	shared_address_tokens_but_suppressed
S1-672296545	S3-795122163	us	desert prairie virginia l.l.c.	virginiadesertprairie.com	73 willow parkway, il, buffalo grove	Willow Pkwy, <NULL>, Buffalo Grove, Illinois	0.5833	0.725	False	False	False	False	False			buffalo|grove|willow			0	3	0	shared_address_tokens_but_suppressed
S1-585532131	S3-767614863	india	tech power private limited	techpower.com	amar co-op hsg. soc plot, no-39 flat no-4 ninad apt, pune city, pune, maharashtra	Amar Co-op Hsg. Soc Plot, Pune, Pune City, MH	0.5714	0.6667	False	False	False	False	False			amar|city|co|hsg|op|plot|pune|soc			0	8	0	shared_address_tokens_but_suppressed
S1-631122305	S3-522734201	india	blue infra private limited	Blueinfra.Com	d no.40-15/2-2, vyshali towers, tf-2, vijayawada (urban), krishna, andhra pradesh	D No.40-15/2-2, Krishna, Vijayawada (Urban), ఆంధ్రప్రదేశ్	0.5714	0.5942	False	False	False	False	False			15|2|40|d|krishna|no|urban|vijayawada		2-2|40-15	0	8	2	shared_address_tokens_but_suppressed
S1-867883902	S3-270189256	india	shree sports private limited	shreesp0rts.com	no.7/24, chennai, saravana apartments, kumaran colony, ii street, vadapalani, chennai, tamil nadu	No.7/24, Chennai, தமிழ்நாடு	0.5641	0.2903	False	False	False	False	False			24|7|chennai|no		7/24	0	4	1	shared_address_tokens_but_suppressed
S1-134789038	S3-584851816	india	evernew solutions pvt ltd	Shri evernewsol.com	d-4/149, ground floor sangam vihar, delhi, south delhi, delhi	D-4/149, N/A, Delhi, South Delhi, DL	0.5641	0.7216	False	False	False	False	False			149|4|d|delhi|south		4/149	0	5	1	shared_address_tokens_but_suppressed
S1-181129782	S3-30832051	us	segal bright metal works, inc	brightsegalmetal.com	805 preston street, san bernardino, ca	805 Preston Street, SAN Bernaridno, California	0.5581	0.881	False	False	False	False	False			805|preston|san		805	0	3	1	shared_address_tokens_but_suppressed
S1-862053862	S2-463433426	india	universal & co	Synvera	85, vindhya commercial complex, sector 11 cbd belapur, navi mumbai, navi mumbai, mumbai city, maharashtra	85/3, <NULL>, MUMBAI CITY, NAVI MUMBAI, Maharashtra	0.5556	0.5256	False	False	False	False	False			85|city|maharashtra|mumbai|navi			0	5	0	shared_address_tokens_but_suppressed
S1-405521342	S2-716592306	india	indore devcon limited	idevcon.com	201, second floor 79, radhika palace gram khajrana, indore, madhya pradesh	201, INDORE, Madhya Pradesh	0.5517	0.5347	False	False	False	False	False			201|indore|madhya|pradesh		201	0	4	1	shared_address_tokens_but_suppressed
S1-44266774	S2-186190934	us	new york foot & ankle complete physicians llc	newyorkfoot.com	17 john street, new york, ny	17 JOHN ST, NEW YORK, NY	0.549	0.9231	False	False	False	False	False			17|john|new|ny|york		17	0	5	1	shared_address_tokens_but_suppressed
S1-335551030	S2-537699216	us	salome's restaurant	RESTAURANTSALOMES.COM	ct, 116 phillips terrace, west haven	116 PHILLIPS TERRACE, WEST HAVEN, CT	0.5405	0.8889	False	False	False	False	False			116|ct|haven|phillips|terrace|west		116	0	6	1	shared_address_tokens_but_suppressed
S1-949412850	S2-268456116	us	brooks corporation	bróoks.com	428 fulton street, indianapolis, in	00428 FULTON ST, INDIANAPOLIS, IN	0.5385	0.9118	False	False	False	False	False			fulton|in|indianapolis			0	3	0	shared_address_tokens_but_suppressed
S1-836916847	S2-10602835	india	ansal tower - 38 nehru place allied corp	ansaltower.com	g. f. - 6, ansal tower - 38 nehru place, new delhi, delhi	G. F. - 6 , ANSAL TOWER - 38 NEHRU PLACE, Delhi	0.5333	0.8846	False	False	False	False	False			38|6|ansal|delhi|f|g|nehru|tower		38|6	0	8	2	shared_address_tokens_but_suppressed
S1-868442664	S3-958378188	india	om construction private limited	omconstruction.com | www.omconstruc.com	45, ramjeevan choudhari apartment krida chowk, hanuman nagar, nagpur, maharashtra	#45, Nagpur, Pardi Nagpur, MH	0.5246	0.2909	False	False	False	False	False			45|nagpur		45	0	2	1	shared_address_tokens_but_suppressed
S1-178189126	S2-528616559	india	thane marino pvt. ltd.	tmarino.com	garden enclave, building no. 03, flat no. 203 near vasant vihar, thane-west, thane, maharashtra	GARDEN ENLAVE, BUILDING NO. 03, FLAT NO. 203 NEAR VASANT VIHAR, THANE-WEST, THANE, Maharashtra	0.5185	0.9947	False	False	False	False	False			03|203|flat|garden|maharashtra|near|no|thane|vasant|vihar|west		03|203	0	11	2	shared_address_tokens_but_suppressed
S1-182095922	S3-369885159	india	pearl institute of technology private limited	#Pearlinstitute	jaipur, office no. 301, jaipur, third floor, prism tower, lalkothi, tonk road, rajasthan	Office No. B3/301, <NULL>, Jaipur, राजस्थान	0.5185	0.3664	False	False	False	False	False			301|jaipur|no|office		301	0	4	1	shared_address_tokens_but_suppressed
S1-92444725	S3-103172884	us	kalina dea bright software llc	@Kalinadea	21 linden street, unit 2, somerville, ma	21 Linden Street, Unit 2, Somerville, Massachusetts	0.5143	0.8791	False	False	False	False	False			2|21|linden|somerville		2|21	0	4	2	shared_address_tokens_but_suppressed
S1-456782592	S3-838082725	india	nj express private limited	npexpress.com	a-001, bldg a-14, varsha, chs ltd, a.k vaidya marg, goregaon east, mumbai, maharashtra	A-001, Mumbai Suburban, Mumbai, MH	0.5143	0.4	False	False	False	False	False			001|a|mumbai		001	0	3	1	shared_address_tokens_but_suppressed
S1-706334875	S2-141568901	india	products andaman consultants private limited	... #próductsandaman	no.8, old no. 11, 6th cross street, karpagam gardens, adyar, chennai, tamil nadu	NO.3-8, CHENNAI, Tamil Nadu	0.5091	0.4673	False	False	False	False	False			8|chennai|nadu|no|tamil			0	5	0	shared_address_tokens_but_suppressed
S1-804663373	S2-498698607	india	universal management private limited	PRIVATEMANAGEMENTUNIVERSAL.COM - 8735205655	100 ft bye pass road, chennai, chennai city corporation, 127, tamil nadu	127, 100 FT BYE PASS ROAD, CHENNAI, CHENNAI CITY CORPORATION, Tamil Nadu	0.5	0.9306	False	False	False	False	False			100|127|bye|chennai|city|corporation|ft|nadu|pass|tamil		100|127	0	10	2	shared_address_tokens_but_suppressed
S1-35850492	S3-267479795	us	# 3 nm uranium	3nm.com	1500 1000, unit 1, salt lake city, ut	1500 1000, # 1, SALT LAEK CITY CITY, Utah	0.5	0.8205	False	False	False	False	False			1|1000|1500|city|salt		1|1000|1500	0	5	3	shared_address_tokens_but_suppressed
S1-422772138	S2-44066783	india	real enterprises private limited	reprivate.com	shop no g 10, parksyde business avenue, nashik, maharashtra	SHOP NO G #10, NASHIK, Maharashtra	0.4878	0.7097	False	False	False	False	False			10|g|maharashtra|nashik|no|shop		10	0	6	1	shared_address_tokens_but_suppressed
S1-411118345	S2-445476563	india	somesh & co private limited	PRIVATESOMESH.COM	b-183, g/f, greater kailash-1 near park, new delhi, south delhi, delhi	B-183, SOUTH DELHI, NEW DELHI, Delhi	0.4737	0.4717	False	False	False	False	False			183|b|delhi|new|south		183	0	5	1	shared_address_tokens_but_suppressed
S1-411118345	S3-361674516	india	somesh & co private limited	privatesomesh.com	b-183, g/f, greater kailash-1 near park, new delhi, south delhi, delhi	B-181, Delhi, New Delhi, DL	0.4737	0.4742	False	False	False	False	False			b|delhi|new			0	3	0	shared_address_tokens_but_suppressed
S1-411118345	S3-694590786	india	somesh & co private limited	privatesomesh.com	b-183, g/f, greater kailash-1 near park, new delhi, south delhi, delhi	DL, South Delhi, B-181, Gurgaon, G/f, Greater Kailash-1 Near Park	0.4737	0.563	False	False	False	False	False			1|b|delhi|f|g|greater|kailash|near|park|south		1	0	10	1	shared_address_tokens_but_suppressed
S1-555538489	S2-474003886	us	elite electronics union llc	EEUNION.COM	7 high street, unit 3, clinton, ma	7 HIGH ST, NULL, CLINTON, MA	0.4706	0.8065	False	False	False	False	False			7|clinton|high|ma		7	0	4	1	shared_address_tokens_but_suppressed
S1-160707106	S2-891498098	india	gcs ganpati of lucknow private limited	gglucknowcom	plot no-7, pashchim bihar coloney, keshav nagar, lucknow, uttar pradesh	PLOT NO-D/7, LUCKNOW, Uttar Pradesh	0.4444	0.6226	False	False	False	False	False			7|lucknow|no|plot|pradesh|uttar		7	0	6	1	shared_address_tokens_but_suppressed
S1-706817236	S3-871930419	india	coimbatore infra llp	Cinfra.Com	no.66, velachery road, guindy, chennai-42., tamil nadu	No 66, Chennai-42., TN	0.4444	0.5526	False	False	False	False	False			42|66|chennai|no		42|66	0	4	2	shared_address_tokens_but_suppressed
S1-486816598	S3-72537341	india	balashree technology private limited	btprivate.com	56/57, mumbai city, maharashtra, mumbai, mittal chambers 228, nariman point	56/57, Bombay, Mumbai City, महाराष्ट्र	0.4444	0.354	False	False	False	False	False			56|57|city|mumbai		56/57	0	4	1	shared_address_tokens_but_suppressed
S1-648695822	S3-228906591	india	coimbatore vastra pvt. ltd.	... Cvastracom	coimbatore, tamil nadu, coimbatore, 3, rajaharsh, k.s.gardens, saravana nagar, tvs nagar	C-3, Coimbatore, TN	0.4375	0.2991	False	False	False	False	False			3|coimbatore		3	0	2	1	shared_address_tokens_but_suppressed
S1-313931084	S2-816499709	india	yamuanth buildestates private limited	ybprivate.com	192, mount road, madras, chennai, tamil nadu	CHENNAI, MADRAS, தமிழ்நாடு, 192	0.4348	0.3733	False	False	False	False	False			192|chennai|madras		192	0	3	1	shared_address_tokens_but_suppressed
S1-556312606	S3-997464294	us	behavioral health clinic of upper pottsgrove township llc	HealthclinicbehavioralCom	217 stone hill drive, upper pottsgrove township, pa	Pottstown, 217-B Stone Hill Dr, Pennsylvania	0.4267	0.4421	False	False	False	False	False			217|hill|stone		217	0	3	1	shared_address_tokens_but_suppressed
S1-221396644	S3-191361060	us	ferdinande jackson keystone smart llc	keystonejacksonferdinande.com	ar, 248 ahlstrand terrace, springdale	248 Ahlstoand Terrace, Springdale, Arkansas	0.4262	0.8	False	False	False	False	False			248|springdale|terrace		248	0	3	1	shared_address_tokens_but_suppressed
S1-406560855	S2-815791023	india	royal solutions private limited	Shri PRIVATEROYALSOL.COM	ghaziabad, signature global mall, plot no - 6 sector - 3, vaishali, uttar pradesh, office no - 308 3rd floor, ghaziabad	OFFICE NO - 3-08 3RD FLOOR, SIGNATURE GLOBAL MALL, PLOT NO - 6 SECTOR - 3, VAISHALI, GHAZIABAD, उत्तर प्रदेश	0.4	0.6167	False	False	False	False	False			3|3rd|6|ghaziabad|global|mall|no|office|plot|sector|signature|vaishali		3|6	0	12	2	shared_address_tokens_but_suppressed
S1-458506706	S3-660616053	us	wall opendoor pc	Calonex	179 main street, unit 309, logan city, ut	179 Main Street, Unit 309, Logan, Utah	0.381	0.9114	False	False	False	False	False			179|309|logan|main		179|309	0	4	2	shared_address_tokens_but_suppressed
S1-768057805	S2-734308745	us	el lincoln	Nexkelo	102 union avenue, mountain view, ar	AR, UNION AVENUE, MOUNTAIN VIEW	0.375	0.8485	False	False	False	False	False			ar|mountain|union|view			0	4	0	shared_address_tokens_but_suppressed
S1-238737960	S3-581863948	us	m+ solid	sm.com	302 franklin street, tyler, tx	#180 Franklin St, Tyler, Texas	0.3636	0.8	False	False	False	False	False			franklin|tyler			0	2	0	shared_address_tokens_but_suppressed
S1-277300099	S3-493989793	us	john taxable company	Zetakelolum	tx, houston, 2013 campbell road	2013b Campbell Road, PMB 6004, Houston, Texas	0.3448	0.4737	False	False	False	False	False			campbell|houston			0	2	0	shared_address_tokens_but_suppressed
S1-63620147	S2-778218705	us	3287 church lane realty	LC3287.COM	713 forest lane, unit lot 33, benton, ar	AR, 13 FOREST LANE, BENTON	0.3448	0.6667	False	False	False	False	False			ar|benton|forest			0	3	0	shared_address_tokens_but_suppressed
S1-860641883	S2-247002016	india	sun traders clinic	Shri VANTAGEPYRA	s no 7-1, konark puram, bldg-d-4, pune city, pune, maharashtra	S NO 7-1, PUNE, PUNE CITY, महाराष्ट्र	0.3226	0.5051	False	False	False	False	False			1|7|city|no|pune|s		7-1	0	6	1	shared_address_tokens_but_suppressed
S1-168395001	S3-40797433	india	balaji construction private limited	Rizaveradelta	f-24/154, sector-3 rohini, delhi	F-24/154, Sector-3 Rohini, Delhi, DL	0.3111	0.9412	False	False	False	False	False			154|24|3|delhi|f|rohini|sector		24/154|3	0	7	2	shared_address_tokens_but_suppressed
S1-779827243	S3-48396221	india	murali foundation llp	Mr Brixonyxfaye	2nd floor, 31a, tara chand dutt street, kolkata, kolkata, howrah, west bengal	No 2N Floor, Kolkata Region, Kolkata, WB	0.303	0.4957	False	False	False	False	False			kolkata			0	1	0	shared_address_tokens_but_suppressed
S1-288523937	S3-177963284	india	raj shiva investment private limited	rishiva.com #30849	d.no 19/1/157, baligattam, devangula veedhi, narsipatnam, visakhapatnam, vishakhapatnam, andhra pradesh	D.no D/19/1/157, Vishakhapatnam, Visakhapatnam, AP	0.2979	0.549	False	False	False	False	False			1|157|19|d|no|visakhapatnam|vishakhapatnam		157|19/1	0	7	2	shared_address_tokens_but_suppressed
S1-279722704	S3-659312552	us	luke meridian llc	Belomirabrix	200 river bend drive, unit 208, georgetown, tx	200C River Bend Dr, # 208, Georgetown, Texas	0.2963	0.8667	False	False	False	False	False			208|bend|georgetown|river		208	0	4	1	shared_address_tokens_but_suppressed
S1-282537195	S2-57099299	us	ridgeline pllc	Umbragild	155 broad street, unit 1109, columbus, oh	Broad St, COLUMBUS, OH	0.2727	0.6984	False	False	False	False	False			broad|columbus|oh			0	3	0	shared_address_tokens_but_suppressed
S1-933285852	S3-556407000	us	merois management pllc	Yumaarctavo	decatur, al, 223 5th avenue	Decatur, Alabama, 151 5th Ave	0.2581	0.75	False	False	False	False	False			5th|decatur			0	2	0	shared_address_tokens_but_suppressed
S1-248810108	S2-830185606	us	patterson express eagle inc	Rizasol	270 mobile drive, fl 1, ashland, or	270 MOBILE DR, OR, ASHLAND	0.2581	0.7869	False	False	False	False	False			270|ashland|mobile|or		270	0	4	1	shared_address_tokens_but_suppressed
S1-338717231	S3-744002059	india	vaishnavi securities private limited	Avipyra (ID: 98610)	38/2, 2nd cross, sri sathya sai baba lyt, bangalore north, bangalore, karnataka	38/2, Bangalore North, Bangalore, KA	0.2553	0.6261	False	False	False	False	False			2|38|bangalore|north		38/2	0	4	1	shared_address_tokens_but_suppressed
S1-4769263	S3-900839647	india	rgc foundation	Nylafayeavi	plot no. 35, eroz co./opp hoom sai nagar koradi road, nagpur, maharashtra	Plot No. 35/9, Nagpur, MH	0.25	0.4898	False	False	False	False	False			35|nagpur|no|plot			0	4	0	shared_address_tokens_but_suppressed
S1-95925372	S3-963721402	us	temple presbyterian church	Zephdrex	11802 hickory drive, fort washington, md	Hickory Dr, Fort Washington, Maryland	0.25	0.8052	False	False	False	False	False			fort|hickory|washington			0	3	0	shared_address_tokens_but_suppressed
S1-548228684	S2-431924325	india	devora exim pvt. ltd.	Zetapyra	bangalore, no.1, bangalore north, 1st floor, 6th cross, nanjareddy colony, jeevanbhimanagar, banglore, karnataka	NO.1, BANGALORE NORTH, BANGALORE, Karnataka	0.25	0.5419	False	False	False	False	False			1|bangalore|karnataka|no|north		1	0	5	1	shared_address_tokens_but_suppressed
S1-488979626	S3-957039600	us	miller and richardson saratoga llc	Quoiritavo	115 troy del way, amherst, ny	115. Troy Del Way, Amherst, New York	0.25	0.8923	False	False	False	False	False			115|amherst|del|troy		115	0	4	1	shared_address_tokens_but_suppressed
S1-692891261	S3-92202887	india	custom labs pvt ltd	Calocira	trivandrum, thiruvananthapuram, first floor, kerala, gulf star building tc no 28/2484 (3), near chettikulangara, temple	First Floor, Thiruvananthapuram, Trivandrum, KL	0.25	0.3614	False	False	False	False	False			first|thiruvananthapuram|trivandrum			0	3	0	shared_address_tokens_but_suppressed
S1-700980594	S3-982498455	us	colonial global pharmaceutical llc	Evoarcnovi	79 baker street, jamestown, ny	79 Baker Street, Jamestown, New York	0.2439	0.9091	False	False	False	False	False			79|baker|jamestown		79	0	3	1	shared_address_tokens_but_suppressed
S1-429061067	S3-510894535	us	a supreme flag associates	-- Lyravantage	65 440, american fork, ut	PMB 6104, Utah, 65 440, American Fork	0.2424	0.6774	False	False	False	False	False			440|65|american|fork		440|65	0	4	2	shared_address_tokens_but_suppressed
S1-456937627	S3-692442898	us	gertrud miller vision	Solxylo	421 glen oaks boulevard, dallas, tx	421 Glen Oaks Blvd, Dallas, Texas	0.2308	0.8824	False	False	False	False	False			421|dallas|glen|oaks		421	0	4	1	shared_address_tokens_but_suppressed
S1-909601979	S3-838444736	india	urban services private limited	Dovavera	a-28, west jyoti nagar, loni road, delhi	A-28, Loni Road, Delhi, DL	0.2286	0.6667	False	False	False	False	False			28|a|delhi|loni		28	0	4	1	shared_address_tokens_but_suppressed
S1-63719584	S3-513217341	us	marissa n. westbrook, ph.d.	Evoxylo	132 white pine lane, west jefferson, nc	32 White Pine Ln, West Jefferson, North Carolina	0.2222	0.8276	False	False	False	False	False			jefferson|pine|west|white			0	4	0	shared_address_tokens_but_suppressed
S1-335392403	S2-367732176	us	linet, inc	Vantagequo	227 berry avenue, unit unit 2, bellevue, ky	227  BERRY AVENUE, BELLEVUE, KY	0.2222	0.8219	False	False	False	False	False			227|bellevue|berry|ky		227	0	4	1	shared_address_tokens_but_suppressed
S1-925403791	S2-39762537	us	12 30 bhav	UMBRAUMBRA	50 200, unit office, farmington, ut	50 200, FARMINGTON, UT	0.2222	0.7719	False	False	False	False	False			200|50|farmington|ut		200|50	0	4	2	shared_address_tokens_but_suppressed
S1-203925563	S2-719558106	india	balaji impex	Dovazeph	kolkata, 3/29/1, howrah, bl c, fl 320h 202, jessore road, north 24 pgs, west bengal	West Bengal, DUMDUM, 3/29/1	0.2105	0.2	False	False	False	False	False			1|29|3|bengal|west		1|3/29	0	5	2	shared_address_tokens_but_suppressed
S1-253394078	S2-64103456	india	meerut machinery pvt. ltd.	Ectolyra	house no.- 81, julehra, meerut, uttar pradesh	HOUSE NO.- ##81, MEERUT, Uttar Pradesh	0.2069	0.8675	False	False	False	False	False			81|house|meerut|no|pradesh|uttar		81	0	6	1	shared_address_tokens_but_suppressed
S1-357989017	S2-636808167	india	bharat farms pvt ltd	ONYXDREXGILD	shop -406, 2nd floor, poddar plaza, ghod dod road, surat, surat, gujarat	SHOP -406, SURAT, ગુજરાત	0.2069	0.375	False	False	False	False	False			406|shop|surat		406	0	3	1	shared_address_tokens_but_suppressed
S1-884606211	S3-364346917	us	foot & ankle care associates lp	@Fóot	york, 5 madison street, sc	5 Madison Street, South Carolina, York	0.2069	0.625	False	False	False	False	False			5|madison|york		5	0	3	1	shared_address_tokens_but_suppressed
S1-656314104	S3-347127337	us	codie's bistro	Onyxcalo	2400 dogwood drive, youngstown, oh	02400 Dogwood Dr, Youngstown, Ohio	0.2	0.9118	False	False	False	False	False			dogwood|youngstown			0	2	0	shared_address_tokens_but_suppressed
S1-195381333	S2-321392297	india	jaipur systems pvt ltd	ARIANEXARIA	business avenue, b-12, s-2 iind floor above idbi bank, govind marg, raja park, adars, h nagar, jaipur, rajasthan	BUSINESS AVENUE, NEW DELHI, JAIPUR, राजस्थान	0.2	0.3718	False	False	False	False	False			business|jaipur			0	2	0	shared_address_tokens_but_suppressed
S1-869423895	S3-846135171	us	bureau of sanitation	BS	ia, oxford junction, 309 main street	309 Main Street, Oxford Juncttion, Iowa	0.2	0.4	False	False	False	False	False			309|main|oxford		309	0	3	1	shared_address_tokens_but_suppressed
S1-936921482	S3-899036156	us	clean petroleum	Synkor	915 franklin road, charlotte, tn	915 Franklin Rd, Charlotte, Tennessee	0.2	0.8696	False	False	False	False	False			915|charlotte|franklin		915	0	3	1	shared_address_tokens_but_suppressed
S1-212332469	S3-71152719	india	seven agro private limited	-- Ariavera	601, sukhdham tower, s.m. compound nr. nehrunagar cross road, ahmedabad, gujarat	601, Ahmedabad, GJ	0.1935	0.3673	False	False	False	False	False			601|ahmedabad		601	0	2	1	shared_address_tokens_but_suppressed
S1-262527438	S2-337422652	us	fowler, george & pumphrey llc	Dovakelo	3977 fox haven drive, canfield, oh	03977 FOX HAVEN DRIVE, CANFIED, OH	0.1935	0.9706	False	False	False	False	False			fox|haven|oh			0	3	0	shared_address_tokens_but_suppressed
S1-804737474	S3-794838728	us	1 800 i care 4 u inc	Brixevo	516 roberts court, cumberland, ky	516 Robrts Ct, Kentucky, Cumberland	0.1905	0.7353	False	False	False	False	False			516|cumberland		516	0	2	1	shared_address_tokens_but_suppressed
S1-928675966	S2-553655969	india	taloja & sons ltd	Dr Viovio	flat no.17, disha co-operative housing society, sp-8, s no.482, sai nagar, panvel, raigarh, maharashtra	FLAT NO.17, RAIGARH, Maharashtra	0.1905	0.4741	False	False	False	False	False			17|flat|maharashtra|no|raigarh		17	0	5	1	shared_address_tokens_but_suppressed
S1-598823125	S2-924199073	us	vision specialists of willow springs inc	Ariasyn	8623 arizona trail, willow springs, il	ARIZONA TRL, WILLOW SPRINGS, IL	0.1905	0.8986	False	False	False	False	False			arizona|il|springs|willow			0	4	0	shared_address_tokens_but_suppressed
S1-392566689	S3-550987772	us	ea software inc	Fayekelo	1429 college street, portland, or	College St, Portland, Oregon	0.1905	0.7869	False	False	False	False	False			college|portland			0	2	0	shared_address_tokens_but_suppressed
S1-134898809	S2-156312637	us	corner hypnosis	Brixlyra	26 stone street, unit 3, beverly, ma	PMB 9599, MA, BEVERLY, 0026 STONE ST	0.1818	0.3056	False	False	False	False	False			beverly|ma|stone			0	3	0	shared_address_tokens_but_suppressed
S1-780893579	S3-676674812	india	godbole city corp	Zephwex	building no. 61/245- b2, zeia arcade, church landing road, pallimukku, kochi, ernakulam, kerala	Building No. ##61/245- B2, Kochi, Ernakulam, കേരളം	0.1818	0.5931	False	False	False	False	False			245|61|b2|ernakulam|kochi|no		61/245	0	6	1	shared_address_tokens_but_suppressed
S1-748942318	S2-856438287	india	swb heights pvt. ltd.	Jaxzeta	industrial area sion, 111, mumbai, maharashtra	H.NO #300 111, INDUSTRIAL AREA SION, MUMBAI, Maharashtra	0.1739	0.8039	False	False	False	False	False			111|area|industrial|maharashtra|mumbai|sion		111	0	6	1	shared_address_tokens_but_suppressed
S1-256104143	S3-232279294	us	choice research brands llc	Xyloorbiflux	new york, ny, 162 105 street	162 105 Street, NEW YORK CITY, New York	0.1714	0.4179	False	False	False	False	False			105|162|new|york		105|162	0	4	2	shared_address_tokens_but_suppressed
S1-743857557	S3-933289917	us	doreen terrell allied broadband	Solorbi	240 summer street, franklin, ma	240 Summer Street, PMB 1986, Franklin, Massachusetts	0.1714	0.747	False	False	False	False	False			240|franklin|summer		240	0	3	1	shared_address_tokens_but_suppressed
S1-410017820	S3-84562988	india	quantum institute	Caloonyx	new delhi, west delhi, ramesh nagar, rajouri garden, west delhi, delhi, 3/84	3/84, Ramesh Nagar, Rajouri Garden, West Delhi, New Delhi, West Delhi, Delhi	0.1667	0.6711	False	False	False	False	False			3|84|delhi|garden|nagar|new|rajouri|ramesh|west		3/84	0	9	1	shared_address_tokens_but_suppressed
S1-380094562	S2-834380290	us	cascade storage llc	Gildflux	500 anderson street, fl 0, weatherford, tx	500D ANDERSON ST, WEATHERFORD, TX	0.16	0.8533	False	False	False	False	False			anderson|tx|weatherford			0	3	0	shared_address_tokens_but_suppressed
S1-436012166	S3-824691201	us	white liberty otg llc	Veocira	345 forest creek drive, seneca, sc	345- Forest Creek Drive, Seneca, South Carolina	0.16	0.8395	False	False	False	False	False			345|creek|forest|seneca		345	0	4	1	shared_address_tokens_but_suppressed
S1-873228324	S3-568802599	india	nd west projects pvt ltd	Synnex	306, runwal heights commercial complex, opp. nirmal lifestyle, l.b.s. marg, mulu, nd west, mumbai, maharashtra	306., Nd West, Mumbai, MH	0.1538	0.3704	False	False	False	False	False			306|mumbai|nd|west		306	0	4	1	shared_address_tokens_but_suppressed
S1-120433302	S2-44772905	india	authentic electro ltd	BRIXVEO	house no. s-219, basement, greater kailash-ii, new delhi, south delhi, delhi	HOUSE NO. S-219, NEW DELHI, SOUTH DELHI, Delhi	0.1538	0.7541	False	False	False	False	False			219|delhi|house|new|no|s|south		219	0	7	1	shared_address_tokens_but_suppressed
S1-599145787	S3-776147534	india	samagra electronics private limited	Rizaquo	11th main road, btm layout, 1st stage, bangalore south, bangalore, no 65, karnataka	No 65, 11Th Main Road, Btm Layout, 1St Stage, Bangalore South, Bangalore, Karnataka	0.1538	0.9157	False	False	False	False	False			11th|1st|65|bangalore|btm|karnataka|layout|main|no|south|stage		65	0	11	1	shared_address_tokens_but_suppressed
S1-530607323	S2-500275212	india	rathore consultancy	YUMAKELO	1/178, thuravumkara p o, aluva, ernakulam, kerala	BLOCK G-#55 1/178, NULL, ERNAKULAM, ALUVA, Kerala	0.1538	0.5714	False	False	False	False	False			1|178|aluva|ernakulam|kerala		1/178	0	5	1	shared_address_tokens_but_suppressed
S1-196578854	S2-955548630	us	young joint llc	Zetavantagedova	116-38 merrick boulevard, jamaica, ny	116-38 MERRIFK BOULEVARD, JAMAIICA, NY	0.1429	0.96	False	False	False	False	False			116|38|ny		116-38	0	3	1	shared_address_tokens_but_suppressed
S1-573019895	S2-476527945	india	realtech technologies private limited	Nylakelo	no. 20, 2nd floor, k.p.n. colony, 4th street, tirupur, coimbatore, tamil nadu	NO. 20, 2ND FLOOR, K.P.N. COLONY, 4TH STREET, TIRUPUR, NERUPERICHAL, Tamil Nadu	0.1429	0.8846	False	False	False	False	False			20|2nd|4th|colony|k|n|nadu|no|p|tamil|tirupur		20	0	11	1	shared_address_tokens_but_suppressed
S1-926822525	S2-365209711	us	emerald	Solorbi	137 pleasant street, clinton, ma	137 PLEASANT ST, PO BOX 8024, CLINTON, MA	0.1429	0.7671	False	False	False	False	False			137|clinton|ma|pleasant		137	0	4	1	shared_address_tokens_but_suppressed
S1-14825773	S3-794106188	india	trinity impex private limited	TI	arihant building, flat no. 102, 15th road, khar (west), mumbai, maharashtra	Arihant Building, Mumbai, Flat No. 102, 15Th Road, Khar (West), Maharashtra	0.1429	0.8933	False	False	False	False	False			102|15th|arihant|flat|khar|maharashtra|mumbai|no|west		102	0	9	1	shared_address_tokens_but_suppressed
S1-683256263	S3-241115558	us	rhoda pirozzi truist inc	Haloaria	7061 santa cruz drive, unit 13, cottonwood heights, ut	Santa Cruz Drive, # 13, Cottonwood Heights, Utah	0.1379	0.8824	False	False	False	False	False			13|cottonwood|cruz|heights|santa		13	0	5	1	shared_address_tokens_but_suppressed
S1-338822986	S2-885930574	us	pediatric dental complete specialists	Nexavivera	3745 281, jamestown, nd	03745 281, JAMESTOWN, ND	0.1364	0.9787	False	False	False	False	False			281|jamestown|nd		281	0	3	1	shared_address_tokens_but_suppressed
S1-232902553	S3-574144822	india	bharat foundation limited	Quotavo	haryana, dlf ph-iii, dlf phase iii, s-31 a/2, gurgaon	S-31 A/2, Gurgaon, Dlf Ph-Iii, Dlf Phase Iii, Haryana	0.1333	0.6981	False	False	False	False	False			2|31|a|dlf|gurgaon|haryana|iii|ph|phase|s		2|31	0	10	2	shared_address_tokens_but_suppressed
S1-692127788	S3-741378949	india	prime om energy private limited	Veoiri	b-10, shivam apartment, block-d, vikaspuri, new delhi, delhi	New Delhi, दिल्ली, B-b3/10	0.1212	0.2558	False	False	False	False	False			10|b|delhi|new		10	0	4	1	shared_address_tokens_but_suppressed
S1-174306760	S3-109128077	india	fairlink technologies limited	Soljax	56-g, pocket b-7, janta flats, mayur vihar phase-3, delhi, east delhi, delhi	DL, East Delhi, 56-G, Pocket B-7, Janta Flats, Mayur Vihar Phase-3, Delhi	0.1212	0.7651	False	False	False	False	False			3|56|7|b|delhi|east|flats|g|janta|mayur|phase|pocket|vihar		3|56|7	0	13	3	shared_address_tokens_but_suppressed
S1-686610815	S3-509857989	us	womens health physicians corp	Miradova	stafford, ks, 875 10th street	0875 10th St, Stafford, Kansas	0.1176	0.4407	False	False	False	False	False			10th|stafford			0	2	0	shared_address_tokens_but_suppressed
S1-405606137	S3-319162869	us	southern supreme praetorian llc	Jax1yra	204 2nd street, elkhart, ks	204 Second St, Elkhart, Kansas	0.1143	0.7719	False	False	False	False	False			204|elkhart		204	0	2	1	shared_address_tokens_but_suppressed
S1-27095617	S2-604281919	us	groth harmony	LUMZEPH	s11w29512 summit avenue, town of delafield, wi	S11W29512B SUMMIT AVENUE, WI, WAUKESHA	0.1053	0.7143	False	False	False	False	False			summit|wi			0	2	0	shared_address_tokens_but_suppressed
S1-833279970	S2-279055159	us	all capital inc	Gildlyra	cary, nc, 207 york street	207 YORK ST, CARY, NC	0.0952	0.5217	False	False	False	False	False			207|cary|nc|york		207	0	4	1	shared_address_tokens_but_suppressed
S1-5347726	S3-283372870	us	yalonda smith, ph.d.	Nexwex	43 school street, unit 2, everett, ma	# 2, Everet CDP, 43 School Street, Massachusetts	0.0952	0.5176	False	False	False	False	False			2|43|school		2|43	0	3	2	shared_address_tokens_but_suppressed
S1-249331459	S3-509233440	india	tirupati investments private limited	Fayekor	18/20, w.e.a. karol bagh, new delhi, delhi	W.E.A. Karol Bagh, Delhi, New Delhi, 18/20	0.05	0.7143	False	False	False	False	False			18|20|a|bagh|delhi|e|karol|new|w		18/20	0	9	1	shared_address_tokens_but_suppressed
S1-460146213	S2-452425018	india	gujarat business llp	గుజరాత్ బిజినెస్ ఎల్‌ఎల్‌పీ	1-3-183/40/46/5, gandhi nagar hyderabad., andhra pradesh, telangana	1-3-183/40/46/5, ANDHRA PRADESH, GANDHI NAGAR HYDERABAD., Telangana	0.0	0.7612	False	False	False	False	False			1|183|3|40|46|5|andhra|gandhi|hyderabad|nagar|pradesh|telangana		1-3|183/40|46/5	0	12	3	shared_address_tokens_but_suppressed
S1-344557977	S2-237548317	india	smart industries private limited	स्मार्ट इंडस्ट्रीज प्राइवेट लिमिटेड	d-32, new ashok nagar new delhi, new delhi, east delhi, delhi	GAZIPUR DELHI, Delhi, <NULL>, NEW DELHI, D-32	0.0	0.434	False	False	False	False	False			32|d|delhi|new		32	0	4	1	shared_address_tokens_but_suppressed
S1-815965324	S3-750235792	india	one construction pvt ltd	వన్ కన్‌స్ట్రక్షన్ ప్రైవేట్ లిమిటెడ్	3 5 106/16/g, plot no 16, prema nilayam vivekananda nagar colony, kukatpally, hyderabad, rangareddy, telangana	3 5 106/16/G, Hyderabad, Rangareddy, TG	0.0	0.5235	False	False	False	False	False			106|16|3|5|g|hyderabad|rangareddy		106/16|3|5	0	7	3	shared_address_tokens_but_suppressed
S1-86909806	S3-292258549	india	bharat projects limited	भारत प्रोजेक्ट्स लिमिटेड	701, gd itl tower b-8, netaji subhash place pitampura, delhi, north west delhi, delhi	00701, Delhi, DL	0.0	0.2772	False	False	False	False	False			delhi			0	1	0	shared_address_tokens_but_suppressed
S1-511355563	S3-995810011	india	hotel technologies private limited	होटल टेक्नोलॉजीज प्राइवेट लिमिटेड	pune, flat no. a5 506, genesis, sr. no. 123/1/2 and 123/1/3, maharashtra, pune	Sr. No. 123/1/2 And 123/1/3, Pune, MH	0.0	0.5739	False	False	False	False	False			1|123|2|3|and|no|pune|sr		123/1|2|3	0	8	3	shared_address_tokens_but_suppressed
S1-492472188	S2-649401517	india	apex trading private limited	অ্যাপেক্স ট্রেডিং প্রাইভেট লিমিটেড	233/4, garulia burning ghat road p.o-garulia, p.s- noapra, kolkata, parganas north, west bengal	233/4, PARGANAS NORTH, KOLKATA, West Bengal	0.0	0.4928	False	False	False	False	False			233|4|bengal|kolkata|north|parganas|west		233/4	0	7	1	shared_address_tokens_but_suppressed
S1-550938653	S2-174412931	india	balaji foods llp	ಬಾಲಾಜಿ ಫುಡ್ಸ್ ಎಲ್ಎಲ್‌ಪಿ	h no. 102, 1st floor, mahalaxmi layout, behind sbm, gokul road, hubli, dharwad, dharwar, karnataka	#102, DHARWAD, DHARWAR, Karnataka	0.0	0.4885	False	False	False	False	False			102|dharwad|dharwar|karnataka		102	0	4	1	shared_address_tokens_but_suppressed
S1-886434037	S3-122356580	india	om estate pvt ltd	ॐ एस्टेट प्रा. लि.	block - s 113/5, midc bhosari, pune, maharashtra	Block - S 113/5, Midc Bhosari, Pune, महाराष्ट्र	0.0	0.7789	False	False	False	False	False			113|5|bhosari|block|midc|pune|s		113/5	0	7	1	shared_address_tokens_but_suppressed
S1-711149797	S2-138053872	india	sai it private limited	साई आईटी प्राइवेट लिमिटेड	a-502, maharashtra, borivali west, mumbai, jannu's co-op hsg soc, t p s road no. iii, opp matrukrupa bunglow	A-2-502, BORIVALI WEST, MUMBAI, Maharashtra	0.0	0.4636	False	False	False	False	False			502|a|borivali|maharashtra|mumbai|west			0	6	0	shared_address_tokens_but_suppressed
S1-981006854	S2-644329725	india	dynamic trading pvt ltd	डायनामिक ट्रेडिंग प्रा. लि.	shop no. a1, indira place, near gaurav tower, jaipur, rajasthan	SHOP NO. A1, JAIPUR, Rajasthan	0.0	0.6452	False	False	False	False	False			a1|jaipur|no|rajasthan|shop			0	5	0	shared_address_tokens_but_suppressed
S1-113308274	S3-8396274	india	high international pvt ltd	ஹை இன்டர்நேஷனல் பிரைவேட் லிமிடெட்	tamil nadu, madurai madurai, azad street, gandhi nagar, madurai, 19	19, Madurai Madurai, Madurai, TN	0.0	0.5657	False	False	False	False	False			19|madurai		19	0	2	1	shared_address_tokens_but_suppressed
S1-680760019	S2-482245255	india	indian foundation private limited	इंडियन फाउंडेशन प्राइवेट लिमिटेड	187/1 a-1, jawahar nagar, meerut, uttar pradesh	NO 1-87/1 A-1, JAWAHAR NAGAR, MEERUT, Uttar Pradesh	0.0	0.9592	False	False	False	False	False			1|a|jawahar|meerut|nagar|pradesh|uttar		1	0	7	1	shared_address_tokens_but_suppressed
S1-285660164	S3-708196799	india	sunrise dynamic trading private limited	সানরাইজ ডায়নামিক ট্রেডিং প্রাইভেট লিমিটেড	38 baroda avenue, garia, kolkata, parganas south, west bengal	Baroda Avenue, Kolkata, পশ্চিমবঙ্গ	0.0	0.5053	False	False	False	False	False			baroda|kolkata			0	2	0	shared_address_tokens_but_suppressed
S1-221384458	S2-70880749	india	new business pvt ltd	न्यू बिजनेस प्रा. लि.	survey number 39/a/2/3, house number 2/163, building number 7, flat 15, durvankur apartment, manikbag, amrutanagar, pune city, pune, maharashtra	SURVEY NUMBER 39/A/2/3, PUNE CITY, PUNE, महाराष्ट्र	0.0	0.4205	False	False	False	False	False			2|3|39|a|city|number|pune|survey		2/3|39	0	8	2	shared_address_tokens_but_suppressed
S1-737696216	S2-792090233	india	shiv care limited	शिव केयर लिमिटेड	101, sagarika chs ltd. plot no. 89, juhu tara road, santacruz (, west), mumbai, mumbai city, maharashtra	MUMBAI CITY, Maharashtra, 101	0.0	0.3609	False	False	False	False	False			101|city|maharashtra|mumbai		101	0	4	1	shared_address_tokens_but_suppressed
S1-546744924	S2-605009212	india	shree infotech private limited	श्री इंफोटेक प्राइवेट लिमिटेड	shree ganesh siddhi fl-03, pl-17 sn-17/1a tusharpark, pune city, pune, maharashtra	SHREE GANESH SIDDHI FL-03, PUNE CITY, PUNE, महाराष्ट्र	0.0	0.6471	False	False	False	False	False			03|city|ganesh|pune|shree|siddhi		03	0	6	1	shared_address_tokens_but_suppressed
S1-764526188	S2-465189854	india	one ventures limited	वन वेंचर्स लिमिटेड	maharashtra, mumbai city, damji shamji industrial premise co-op. society unit -119, mahakali caves road, andheri, east, 28, mumbai	##28, MUMBAI, MUMBAI CITY, महाराष्ट्र	0.0	0.2036	False	False	False	False	False			28|city|mumbai		28	0	3	1	shared_address_tokens_but_suppressed
S1-492536604	S2-15424811	india	urban properties pvt ltd	अर्बन प्रॉपर्टीज प्रा. लि.	sno.25/8, pune, navecha road, nr. durga, pimple gurav, maharashtra, pune	SNO.25/8, PUNE, Maharashtra	0.0	0.5455	False	False	False	False	False			25|8|maharashtra|pune|sno		25/8	0	5	1	shared_address_tokens_but_suppressed
S1-648894561	S3-809239143	india	supreme consultants private limited	सुप्रीम कंसल्टेंट्स प्राइवेट लिमिटेड	236 & 237, the galleria dlf, second floor, mayur vihar ext-1, noida link road, new delhi, east delhi, delhi	236 & 237, New Delhi, East Delhi, DL	0.0	0.5035	False	False	False	False	False			236|237|delhi|east|new		236|237	0	5	2	shared_address_tokens_but_suppressed
S1-973398451	S2-110011988	india	fortune engineering pvt ltd	ਫਾਰਚੂਨ ਇੰਜੀਨੀਅਰਿੰਗ ਪ੍ਰਾ. ਲਿ.	sco no. 20, second floor, mohali citi square, rajpura, mohali, punjab	NO. 70 SCO NO. 20, MOHALI, RAJPURA, Punjab	0.0	0.6306	False	False	False	False	False			20|mohali|no|punjab|rajpura|sco		20	0	6	1	shared_address_tokens_but_suppressed
S1-56629354	S2-592774385	india	classic engineering pvt ltd	క్లాసిక్ ఇంజనీరింగ్ ప్రైవేట్ లిమిటెడ్	7-2-c-14, industrial estate, sanath nagar, balanagar, hyderabad, telangana	తెలంగాణ, RANGA REDDY, HYDERABAD, B3/7-2-C-14	0.0	0.3559	False	False	False	False	False			14|2|7|c|hyderabad		14|7-2	0	5	2	shared_address_tokens_but_suppressed
S1-802954685	S3-320568677	india	good developers private limited	గుడ్ డెవలపర్స్ ప్రైవేట్ లిమిటెడ్	d, guntur, andhra pradesh, krishna, no. 5-91-22/2, 4th line, lakshmi puram	D, Krishna, Guntur, AP	0.0	0.2708	False	False	False	False	False			d|guntur|krishna			0	3	0	shared_address_tokens_but_suppressed
S1-140686821	S3-407198080	india	all good builders limited	ऑल गुड बिल्डर्स लिमिटेड	278/8 kh near tilak nagar, turning aishbagh bridge, lucknow, uttar pradesh	Door No 278/8 Kh Near Tilak Nagar, Lucknow, UP	0.0	0.6333	False	False	False	False	False			278|8|kh|lucknow|nagar|near|tilak		278/8	0	7	1	shared_address_tokens_but_suppressed
S1-165705804	S2-514071979	india	city foundation private limited	सिटी फाउंडेशन प्राइवेट लिमिटेड	g-23, sector 27, noida, gautam buddha nagar, uttar pradesh	G-23, NOIDA, GAUTAM BUDDHA NAGAR, Uttar Pradesh	0.0	0.8952	False	False	False	False	False			23|buddha|g|gautam|nagar|noida|pradesh|uttar		23	0	8	1	shared_address_tokens_but_suppressed
S1-11447650	S3-68952863	india	innovative properties private limited	इनोवेटिव प्रॉपर्टीज प्राइवेट लिमिटेड	delhi, h-199b, delhi, east delhi, pocket-h, dilshad garden janta	H-1-99b, Pocket-h, Dilshad Garden Janta, Delhi, East Delhi, दिल्ली	0.0	0.5846	False	False	False	False	False			delhi|dilshad|east|garden|h|janta|pocket			0	7	0	shared_address_tokens_but_suppressed
S1-52507682	S2-761485390	india	gold impex private limited	ગોલ્ડ ઇમ્પેક્સ પ્રાઇવેટ લિમિટેડ	301, nisarg appt, nr., dimple row house, piplod, surat city, surat, gujarat	NO. 591 301, SURAT CITY, SURAT, Gujarat	0.0	0.5439	False	False	False	False	False			301|city|gujarat|surat		301	0	4	1	shared_address_tokens_but_suppressed
S1-648894561	S3-792976560	india	supreme consultants private limited	सुप्रीम कंसल्टेंट्स प्राइवेट लिमिटेड	236 & 237, the galleria dlf, second floor, mayur vihar ext-1, noida link road, new delhi, east delhi, delhi	East Delhi, Door No 236 & 237, New Delhi, दिल्ली	0.0	0.2839	False	False	False	False	False			236|237|delhi|east|new		236|237	0	5	2	shared_address_tokens_but_suppressed
S1-366679144	S2-944536241	india	shyam builders limited	ਸ਼ਿਆਮ ਬਿਲਡਰਜ਼ ਲਿਮਟਿਡ	opp. jalandhar kunj colony, village wariana, jalandhar - i, jalandhar, punjab	OPP. JALANDHAR KUNJ COLONY, JALANDHAR - I, JALANDHAR, Punjab	0.0	0.8759	False	False	False	False	False			colony|i|jalandhar|kunj|opp|punjab			0	6	0	shared_address_tokens_but_suppressed
S1-203925563	S3-613575535	india	balaji impex	বালাজি ইম্পেক্স	kolkata, 3/29/1, howrah, bl c, fl 320h 202, jessore road, north 24 pgs, west bengal	Howrah, 3/29/1, WB	0.0	0.2772	False	False	False	False	False			1|29|3|howrah		1|3/29	0	4	2	shared_address_tokens_but_suppressed
S1-795631320	S2-526762534	india	smart trading private limited	ಸ್ಮಾರ್ಟ್ ಟ್ರೇಡಿಂಗ್ ಪ್ರೈವೇಟ್ ಲಿಮಿಟೆಡ್	flat no-1/22, vijaya enclave nb, bangalore south, bangalore, karnataka	FDAT NO-1/22, BANGALORE SOUTH, BANGALORE, ಕರ್ನಾಟಕ	0.0	0.6891	False	False	False	False	False			1|22|bangalore|no|south		1/22	0	5	1	shared_address_tokens_but_suppressed
S1-630579476	S2-250070232	india	seven foundation private limited	सेवन फाउंडेशन प्राइवेट लिमिटेड	m-165 ground floor greater kailash, new delhi, south delhi, delhi	SOUTH DELHI, M-165/3 GROUND FLOOR GREATER KAILASH, Delhi, NEW DELHI	0.0	0.6818	False	False	False	False	False			165|delhi|greater|ground|kailash|m|new|south			0	8	0	shared_address_tokens_but_suppressed
S1-221644615	S3-126257447	india	high foundation	हाई फाउंडेशन	gf &1st flr, b.no 7a dlf, phase-2 cyber city, sec-24, dlf qe, gurgaon, haryana	Gf &1St Flr, Dlf Qe, HR	0.0	0.4356	False	False	False	False	False			1st|dlf|flr|gf|qe			0	5	0	shared_address_tokens_but_suppressed
S1-889785911	S2-182852657	india	surya om hospitality private limited	సూర్య ఓం హాస్పిటాలిటీ ప్రైవేట్ లిమిటెడ్	flat no 201, anshu courtyard, rangareddy, telangana	HYDERABAD, Andhra Pradesh, RANGAREDDY, DOOR NO 201	0.0	0.4356	False	False	False	False	False			201|no|rangareddy		201	0	3	1	shared_address_tokens_but_suppressed
S1-999023589	S2-137990607	india	sunrise builders limited	ಸನ್‌ರೈಸ್ ಬಿಲ್ಡರ್ಸ್ ಲಿಮಿಟೆಡ್	karnataka, bangalore, 4a, peenya industrial area, bangalore	DOOR NO B3/536 4A, PEENYA INDUSTRIAL AREA, BANGALORE, BENGALURU, BANGALORE, Karnataka	0.0	0.5833	False	False	False	False	False			4a|area|bangalore|industrial|karnataka|peenya		4a	0	6	1	shared_address_tokens_but_suppressed
S1-492472188	S2-858088026	india	apex trading private limited	অ্যাপেক্স ট্রেডিং প্রাইভেট লিমিটেড	233/4, garulia burning ghat road p.o-garulia, p.s- noapra, kolkata, parganas north, west bengal	233/4, PARGANAS NORTH, KOLKATA, West Bengal	0.0	0.4928	False	False	False	False	False			233|4|bengal|kolkata|north|parganas|west		233/4	0	7	1	shared_address_tokens_but_suppressed
S1-777555607	S3-10840656	india	digital ventures limited	डिजिटल वेंचर्स लिमिटेड	new delhi, hari nagar extention baderpur, south delhi, 12-c, delhi	12-C, N/A, South East, New Delhi, DL	0.0	0.2549	False	False	False	False	False			12|c|delhi|new|south		12	0	5	1	shared_address_tokens_but_suppressed
S1-97026314	S2-28855546	india	south sree technology	साउथ श्री टेक्नोलॉजी	j-189, ground floor saket, new delhi, south delhi, delhi	J-189, SOUTH DELHI, NEW DELHI, GROUND FLOOR SAKET, Delhi	0.0	0.5714	False	False	False	False	False			189|delhi|ground|j|new|saket|south		189	0	7	1	shared_address_tokens_but_suppressed
S1-747719380	S3-758532782	india	shivam infrastructure llp	शिवम इंफ्रास्ट्रक्चर एलएलपी	office no.322, marathon monte plaza, madan mohan mumbai, suburban, mumbai, mumbai city, maharashtra	Office No.322, Mumbai City, Mumbai, MH	0.0	0.4526	False	False	False	False	False			322|city|mumbai|no|office		322	0	5	1	shared_address_tokens_but_suppressed
S1-272789094	S3-282291001	india	balaji gold care pvt ltd	பாலாஜி கோல்டு கேர் பிரைவேட் லிமிடெட்	43, venkatasamy road west, r.s.puram, coimbatore, tamil nadu	G-43, Coimbatore, TN	0.0	0.45	False	False	False	False	False			43|coimbatore		43	0	2	1	shared_address_tokens_but_suppressed
S1-912858680	S3-419436439	india	apex systems pvt ltd	एपेक्स सिस्टम्स प्रा. लि.	302, 3rd fl, sr. no. 48/13/3, vijaylaxmi prestige, rahatani-kalewadi link road, rahatani, pune, maharashtra	302, Pune, महाराष्ट्र	0.0	0.1719	False	False	False	False	False			302|pune		302	0	2	1	shared_address_tokens_but_suppressed
S1-882754131	S2-874877798	india	all global pvt ltd	ऑल ग्लोबल प्रा. लि.	262/4, h.a.r. colony, char dawaza, jaipur, rajasthan	262/4, JAIPUR, Rajasthan	0.0	0.6316	False	False	False	False	False			262|4|jaipur|rajasthan		262/4	0	4	1	shared_address_tokens_but_suppressed
S1-385303865	S3-714744072	india	red foods pvt ltd	రెడ్ ఫుడ్స్ ప్రైవేట్ లిమిటెడ్	d.no 6-2-30/b, flot no 103 first floor, express court, lakdi ka poo, l, saifabad, hyderabad, telangana	Hyderabad, Door No 4-2-30/B, తెలంగాణ	0.0	0.1739	False	False	False	False	False			2|30|b|hyderabad|no		30	0	5	1	shared_address_tokens_but_suppressed
S1-263277646	S2-48413553	india	swastik dynamic services pvt ltd	स्वस्तिक डायनामिक सर्विसेज प्रा. लि.	faridabad, 171, 1st floor, sector 15a, haryana	FARIDABAD, 1ST FLOOR, SECTOR 15A, FARIDABAD, 171, हरियाणा	0.0	0.7379	False	False	False	False	False			15a|171|1st|faridabad|sector		15a|171	0	5	2	shared_address_tokens_but_suppressed
S1-281427928	S2-605544416	india	silver energy pvt ltd	सिल्वर एनर्जी प्रा. लि.	a-943/2, lucknow, uttar pradesh	A-941/2, LUCKNOW, Uttar Pradesh	0.0	0.9677	False	False	False	False	False			2|a|lucknow|pradesh|uttar			0	5	0	shared_address_tokens_but_suppressed
S1-47765963	S2-599796635	india	arihant agro limited	अरिहंत एग्रो लिमिटेड	shop no.32, first floor, chaitanya market, goda nakks, bhopal, madhya pradesh	NO 32, BHOPAL, मध्य प्रदेश	0.0	0.2913	False	False	False	False	False			32|bhopal|no		32	0	3	1	shared_address_tokens_but_suppressed
S1-587107442	S2-664925321	india	digital healthcare private limited	ಡಿಜಿಟಲ್ ಹೆಲ್ತ್‌ಕೇರ್ ಪ್ರೈವೇಟ್ ಲಿಮಿಟೆಡ್	no. 1528, 2nd floor, 3rd cross, opp g.s.s school, 2nd block, hbr layout, bangalore, karnataka	NO., BANGALORE, Karnataka	0.0	0.4237	False	False	False	False	False			bangalore|karnataka|no			0	3	0	shared_address_tokens_but_suppressed
S1-802954685	S2-517941357	india	good developers private limited	గుడ్ డెవలపర్స్ ప్రైవేట్ లిమిటెడ్	d, guntur, andhra pradesh, krishna, no. 5-91-22/2, 4th line, lakshmi puram	D, NO. 5-91-22/2, 4TH LINE, LAKSHMI PURAM, KRISHNA, GUNTUR, Andhra Pradesh	0.0	0.5541	False	False	False	False	False			2|22|4th|5|91|andhra|d|guntur|krishna|lakshmi|line|no|pradesh|puram		22/2|5-91	0	14	2	shared_address_tokens_but_suppressed
S1-581565440	S2-11276389	india	ss infotech private limited	এসএস ইনফোটেক প্রাইভেট লিমিটেড	15, ganesh chandra avenue, kolkata, howrah, west bengal	15, GANESH CHANDRA AVENUE, HOWRAH, KOLKATA, West Bengal	0.0	0.8545	False	False	False	False	False			15|bengal|chandra|ganesh|howrah|kolkata|west		15	0	7	1	shared_address_tokens_but_suppressed
S1-261865426	S3-964948854	india	jai software private limited	जय सॉफ्टवेयर प्राइवेट लिमिटेड	new delhi, plot no. a 91 kh 100/9, swarn park, mundka, west delhi, delhi	Plot No. A 91 Kh 100/9, New Delhi, दिल्ली	0.0	0.5841	False	False	False	False	False			100|9|91|a|delhi|kh|new|no|plot		100/9|91	0	9	2	shared_address_tokens_but_suppressed
S1-348316765	S3-167411205	india	surya engineering private limited	सूर्या इंजीनियरिंग प्राइवेट लिमिटेड	h.no. f-17/3, phase-ii, sanjay complex geetanjali chouraha, kotrahuzur, bhopal, madhya pradesh	H.no. F-7/3, Bhopal, MP	0.0	0.3932	False	False	False	False	False			3|bhopal|f|h|no			0	5	0	shared_address_tokens_but_suppressed
S1-650289478	S2-344054342	india	shiva developers private limited	शिवा डेवलपर्स प्राइवेट लिमिटेड	555, west guru anand nagar shakarpur delhi, delhi, new delhi, delhi	55, WEST GURU ANAND NAGAR SHAKARPUR DELHI, NEW DELHI, DELHI	0.0	0.9365	False	False	False	False	False			anand|delhi|guru|nagar|new|shakarpur|west			0	7	0	shared_address_tokens_but_suppressed
S1-194812326	S2-603033846	india	east care private limited	ইস্ট কেয়ার প্রাইভেট লিমিটেড	8 madan st, kolkata, calcutta, west bengal	8 MADAN ST, CALCUTTA, পশ্চিমবঙ্গ	0.0	0.5946	False	False	False	False	False			8|calcutta|madan		8	0	3	1	shared_address_tokens_but_suppressed
S1-391063653	S3-882623240	india	sunrise healthcare private limited	ಸನ್‌ರೈಸ್ ಹೆಲ್ತ್‌ಕೇರ್ ಪ್ರೈವೇಟ್ ಲಿಮಿಟೆಡ್	147/g, 10th main, 3rd block, koramangala, bangalore, karnataka	147/G, Koramangala, Bengaluru Urban, ಕರ್ನಾಟಕ	0.0	0.5283	False	False	False	False	False			147|g|koramangala		147	0	3	1	shared_address_tokens_but_suppressed
S1-367503338	S2-841542733	india	hitech investments private limited	हाईटेक इन्वेस्टमेंट्स प्राइवेट लिमिटेड	2/4 sector j, jankipuram, lucknow, uttar pradesh	2/4 SECTOR J, LUCKNOW, Uttar Pradesh	0.0	0.8571	False	False	False	False	False			2|4|j|lucknow|pradesh|sector|uttar		2/4	0	7	1	shared_address_tokens_but_suppressed
S1-168366893	S2-353720672	india	hari investment private limited	हरि इन्वेस्टमेंट प्राइवेट लिमिटेड	plot no. g-9, sector 6, noida, gautam buddha nagar, uttar pradesh	NOIDA, PLOT NO. G-9-9, GAUTAM BUDDHA NAGAR, उत्तर प्रदेश	0.0	0.595	False	False	False	False	False			9|buddha|g|gautam|nagar|no|noida|plot			0	8	0	shared_address_tokens_but_suppressed
S1-385303865	S3-666294419	india	red foods pvt ltd	రెడ్ ఫుడ్స్ ప్రైవేట్ లిమిటెడ్	d.no 6-2-30/b, flot no 103 first floor, express court, lakdi ka poo, l, saifabad, hyderabad, telangana	Door No 4-2-30/B, Hyderabad, TG	0.0	0.391	False	False	False	False	False			2|30|b|hyderabad|no		30	0	5	1	shared_address_tokens_but_suppressed
S1-609714937	S3-818472217	india	swastik foods private limited	स्वस्तिक फूड्स प्राइवेट लिमिटेड	101, meridien palace, ceaser road, amboli, andheri (west), mumbai, maharashtra	MH, Mumbai, No. 695 101, Andheri (West)	0.0	0.3248	False	False	False	False	False			101|andheri|mumbai|west		101	0	4	1	shared_address_tokens_but_suppressed
S1-399029451	S3-900851502	india	global builders private limited	ग्लोबल बिल्डर्स प्राइवेट लिमिटेड	4805/24 fourth floor pvt-2, 24.bharat ram road darya ganj, delhi, central delhi, delhi	805/24 Fourth Floor Pvt-2, Central Delhi, Delhi, DL	0.0	0.6861	False	False	False	False	False			2|24|central|delhi|fourth|pvt		2	0	6	1	shared_address_tokens_but_suppressed
S1-808492569	S3-329907177	india	supreme builders private limited	ಸುಪ್ರೀಮ್ ಬಿಲ್ಡರ್ಸ್ ಪ್ರೈವೇಟ್ ಲಿಮಿಟೆಡ್	no. 80/80, 1st main, 2nd blk, rajajinagar nagar, bangalore, karnataka	1St Main, 2Nd Blk, Rajajinagar Nagar, KA, Bangalore, No. B3/80/80	0.0	0.7463	False	False	False	False	False			1st|2nd|80|bangalore|blk|main|nagar|no|rajajinagar		80/80	0	9	1	shared_address_tokens_but_suppressed
S1-451268621	S3-290983051	india	fortune marketing private limited	फॉर्च्यून मार्केटिंग प्राइवेट लिमिटेड	plot no. 9, kh no. 138/6/3, 1st floor, gali no.2, block a-1, sant nagar, begali colony, village burari, delhi, north delhi, delhi	Polt No. #9, North Delhi, Delhi, दिल्ली	0.0	0.3452	False	False	False	False	False			9|delhi|no|north		9	0	4	1	shared_address_tokens_but_suppressed
S1-315152899	S2-655428450	india	southern hospitality private limited	सदर्न हॉस्पिटैलिटी प्राइवेट लिमिटेड	b 95, moradabad, uttar pradesh, gandhi nagar	B 0095, GANDHI NAGAR, MORADABAD, Uttar Pradesh	0.0	0.6667	False	False	False	False	False			b|gandhi|moradabad|nagar|pradesh|uttar			0	6	0	shared_address_tokens_but_suppressed
S1-948919422	S2-495836208	india	hotel hospitality private limited	होटल हॉस्पिटैलिटी प्राइवेट लिमिटेड	c-502, s no. 19/5 park grandeur, baner, haveli, pune, maharashtra	PLOT 726 C-502, PUNE, Maharashtra	0.0	0.4898	False	False	False	False	False			502|c|maharashtra|pune		502	0	4	1	shared_address_tokens_but_suppressed
S1-882754131	S2-819097503	india	all global pvt ltd	ऑल ग्लोबल प्रा. लि.	262/4, h.a.r. colony, char dawaza, jaipur, rajasthan	262/4, JAIPUR, Rajasthan	0.0	0.6316	False	False	False	False	False			262|4|jaipur|rajasthan		262/4	0	4	1	shared_address_tokens_but_suppressed
S1-727765247	S3-714412718	india	bright software private limited	బ్రైట్ సాఫ్ట్‌వేర్ ప్రైవేట్ లిమిటెడ్	3-10/235/174/3/b, alakapoor township, sector-3 block-b, puppalaguda village, rajendra n, agar, hyderabad, telangana	3-10/235/174/3/B, Hyderabad, TG	0.0	0.4247	False	False	False	False	False			10|174|235|3|b|hyderabad		235/174|3|3-10	0	6	3	shared_address_tokens_but_suppressed
S1-78497462	S2-626722722	india	bharat impex private limited	भारत इम्पेक्स प्राइवेट लिमिटेड	d16b, bhagat singh enclave, behind shivaji college, raja garden, new delhi, delhi	Delhi, DC-16B, RAJA GARDEN, NEW DELHI, BHAGAT SINGH ENCLAVE, BEHIND SHIVAJI COLLEGE	0.0	0.6098	False	False	False	False	False			behind|bhagat|college|delhi|enclave|garden|new|raja|shivaji|singh			0	10	0	shared_address_tokens_but_suppressed
S1-950310685	S2-513696519	india	aditya laxmi management limited	ఆదిత్య లక్ష్మి మేనేజ్‌మెంట్ లిమిటెడ్	krishna, vijayawada, teachers colony patamata, door no. 59-17-3/2, andhra pradesh	DOOR NO 59-17-3/2, VIJAYAWADA, KRISHNA, Andhra Pradesh	0.0	0.4889	False	False	False	False	False			17|2|3|59|andhra|door|krishna|no|pradesh|vijayawada		3/2|59-17	0	10	2	shared_address_tokens_but_suppressed
S1-631314125	S3-90720015	india	swastik construction	स्वस्तिक कंस्ट्रक्शन	rohini, kh no. 93/9/1, 2nd floor, block-c, vijay vihar, phase-2, delhi, north west, house no. 76	House No. 0076, Rohini, North West, DL	0.0	0.2985	False	False	False	False	False			house|no|north|rohini|west			0	5	0	shared_address_tokens_but_suppressed
S1-722985117	S2-906320276	india	innovative exports private limited	ಇನೋವೇಟಿವ್ ಎಕ್ಸ್‌ಪೋರ್ಟ್ಸ್ ಪ್ರೈವೇಟ್ ಲಿಮಿಟೆಡ್	no.16/2, survey no.13/2, 2nd cross, raghuvanahalli, bangalore south, bangalore, karnataka	NO.16/2, BENGALURU URBAN, BANGALORE, Karnataka	0.0	0.5778	False	False	False	False	False			16|2|bangalore|karnataka|no		16/2	0	5	1	shared_address_tokens_but_suppressed
S1-511355563	S2-413889574	india	hotel technologies private limited	होटल टेक्नोलॉजीज प्राइवेट लिमिटेड	pune, flat no. a5 506, genesis, sr. no. 123/1/2 and 123/1/3, maharashtra, pune	SR. NO. 123/1/2 AND 123/1/3, PUNE, Maharashtra, PUNE	0.0	0.7077	False	False	False	False	False			1|123|2|3|and|maharashtra|no|pune|sr		123/1|2|3	0	9	3	shared_address_tokens_but_suppressed
S1-648894561	S2-443506042	india	supreme consultants private limited	सुप्रीम कंसल्टेंट्स प्राइवेट लिमिटेड	236 & 237, the galleria dlf, second floor, mayur vihar ext-1, noida link road, new delhi, east delhi, delhi	DTOR NO 236. & 237, THE GALLERIA DLF, SECOND FLOOR, MAYUR VIHAR EXT-1, NOIDA LINK ROAD, NEW DELHI, EAST DELHI, Delhi	0.0	0.9596	False	False	False	False	False			1|236|237|delhi|dlf|east|ext|galleria|link|mayur|new|noida|second|the|vihar		1|236|237	0	15	3	shared_address_tokens_but_suppressed
S1-460136045	S2-983138087	india	lakshmi it private limited	ଲକ୍ଷ୍ମୀ ଆଇଟି ପ୍ରାଇଭେଟ୍ ଲିମିଟେଡ୍	puri, orissa, puri, station road	STATION ROAD, PURI, ଓଡ଼ିଶା	0.0	0.4138	False	False	False	False	False			puri|station			0	2	0	shared_address_tokens_but_suppressed
S1-473599837	S3-224883641	india	tirupati universal builders private limited	তিরুপতি ইউনিভার্সাল বিল্ডার্স প্রাইভেট লিমিটেড	s e side, 1st fr, fl 1a, plot-153 31/2, (sp-153), sahapur colony(w), kolkata, kolkata, howrah, west bengal	S E Side, Kolkatta, WB	0.0	0.3438	False	False	False	False	False			e|s|side			0	3	0	shared_address_tokens_but_suppressed
S1-114891444	S2-703273967	india	hari construction private limited	हरि कंस्ट्रक्शन प्राइवेट लिमिटेड	302, shanni bhavan shanti nagar, wagale estate, thane, maharashtra	302, THANE, Maharashtra	0.0	0.5169	False	False	False	False	False			302|maharashtra|thane		302	0	3	1	shared_address_tokens_but_suppressed
S1-387519977	S2-821454348	india	maa media limited	ಮಾ ಮೀಡಿಯಾ ಲಿಮಿಟೆಡ್	karnataka, no. 4, bangalore rural, ajjegowdanapalya, sasveghatta main road, bangalore north	NO. 4, BENGALURU URBAN, BANGALORE NORTH, Karnataka	0.0	0.4823	False	False	False	False	False			4|bangalore|karnataka|no|north		4	0	5	1	shared_address_tokens_but_suppressed
S1-142288436	S2-558274907	india	high laxmi investment	हाई लक्ष्मी इन्वेस्टमेंट	faizabad, uttar pradesh, c/o shri amar nath shiv nagar colony, faizabad, pahar ganj	#655 C/O SHRI AMAR NATH SHIV NAGAR COLONY, AYODHYA, Uttar Pradesh, FAIZABAD	0.0	0.5949	False	False	False	False	False			amar|c|colony|faizabad|nagar|nath|o|pradesh|shiv|shri|uttar			0	11	0	shared_address_tokens_but_suppressed
S1-621121657	S2-108264938	india	anand logistics private limited	आनंद लॉजिस्टिक्स प्राइवेट लिमिटेड	f-2, vishwadeep appartment, nagala park, near vivekanad college, kolhapur, maharashtra	F-2, KOLHAPUR, Maharashtra	0.0	0.4643	False	False	False	False	False			2|f|kolhapur|maharashtra		2	0	4	1	shared_address_tokens_but_suppressed
S1-107367404	S3-937534238	india	star developers private limited	स्टार डेवलपर्स प्राइवेट लिमिटेड	house no. 37, gali no-3, surat nagar phase 1, railway road, gurgaon, haryana	Railway Road, HR, Gurgaon, Gali No-3, Surat Nagar Phase 1, House No. 38	0.0	0.5442	False	False	False	False	False			1|3|gali|gurgaon|house|nagar|no|phase|railway|surat		1|3	0	10	2	shared_address_tokens_but_suppressed
S1-210245110	S2-264301973	india	green global private limited	ग्रीन ग्लोबल प्राइवेट लिमिटेड	c-44 fourth floor, kh-568, flat no d1 ekta apartment, south delhi, delhi	SOUTH DELHI, Delhi, SOUTH DELHI, C-#44 FOURTH FLOOR	0.0	0.2927	False	False	False	False	False			44|c|delhi|fourth|south		44	0	5	1	shared_address_tokens_but_suppressed
S1-631314125	S2-393638466	india	swastik construction	स्वस्तिक कंस्ट्रक्शन	rohini, kh no. 93/9/1, 2nd floor, block-c, vijay vihar, phase-2, delhi, north west, house no. 76	HOUSE NO. 76, ROHINI, NORTH WEST, Delhi	0.0	0.3111	False	False	False	False	False			76|delhi|house|no|north|rohini|west		76	0	7	1	shared_address_tokens_but_suppressed
S1-139115196	S2-845385136	india	gold laxmi investments pvt ltd	गोल्ड लक्ष्मी इन्वेस्टमेंट्स प्रा. लि.	1st floor, patil chawl, tank pakhadi sahar, mumbai, maharashtra	#1ST FLOOR, MUMBAI, महाराष्ट्र	0.0	0.4086	False	False	False	False	False			1st|mumbai			0	2	0	shared_address_tokens_but_suppressed
S1-422926253	S3-182229658	india	sky enterprises pvt ltd	स्काई एंटरप्राइजेज प्रा. लि.	a- 42, ground front side, dayal bagh faridabad, faridabad, haryana	Faridabad, A- 42, हरियाणा	0.0	0.3077	False	False	False	False	False			42|a|faridabad		42	0	3	1	shared_address_tokens_but_suppressed
S1-176496041	S2-418697003	india	gold dynamic properties limited	गोल्ड डायनामिक प्रॉपर्टीज लिमिटेड	b-13, dainik janyug apartments, c-1, vasundhra enclave, delhi	BLOCK A-#271 B-13, DELHI, EAST, Delhi	0.0	0.3878	False	False	False	False	False			13|b|delhi		13	0	3	1	shared_address_tokens_but_suppressed
S1-758075760	S2-101554094	india	bharat investments	भारत इन्वेस्टमेंट्स	no 7, 3rd floor, n.w.a club road market sector iv market, west punjabi bagh, new delhi, delhi	3RD FLOOR, N.W.A CLUB ROAD MARKET SECTOR IV MARKET, WEST PUNJABI BAGH, NO 7, Delhi, NEW DELHI	0.0	0.8602	False	False	False	False	False			3rd|7|a|bagh|club|delhi|iv|market|n|new|no|punjabi|sector|w|west		7	0	15	1	shared_address_tokens_but_suppressed
S1-683946842	S3-149722231	india	all international llp	ऑल इंटरनेशनल एलएलपी	c-7/85, ff, sector-08, rohini, delhi, west delhi, delhi	C-d/7/85, West Delhi, Delhi, DL	0.0	0.5814	False	False	False	False	False			7|85|c|delhi|west		7/85	0	5	1	shared_address_tokens_but_suppressed
S1-876899003	S2-308086958	india	hari sky infra llp	हरि स्काई इंफ्रा एलएलपी	b-166, gali no-2 nehru vihar, karawal nagar road, new delhi, east delhi, delhi	B-166, NEW DELHI, EAST DELHI, दिल्ली	0.0	0.5263	False	False	False	False	False			166|b|delhi|east|new		166	0	5	1	shared_address_tokens_but_suppressed
S1-638110492	S2-771208927	india	super care limited	सुपर केयर लिमिटेड	kalkaji, new delhi, delhi, j-86	J-86, NEW DELHI, KALKAJI, Delhi	0.0	0.6129	False	False	False	False	False			86|delhi|j|kalkaji|new		86	0	5	1	shared_address_tokens_but_suppressed
S1-104226194	S3-873691905	india	global lotus construction pvt ltd	ग्लोबल लोटस कंस्ट्रक्शन प्रा. लि.	a-212, malhotra complex, gali no. â 01, vikas marg, shakarpur, laxmi nagar, east delhi, delhi	A-212, Laxmi Nagar, East Delhi, दिल्ली	0.0	0.4812	False	False	False	False	False			212|a|delhi|east|laxmi|nagar		212	0	6	1	shared_address_tokens_but_suppressed
S1-630482653	S3-228281109	india	first services private limited	ఫస్ట్ సర్వీసెస్ ప్రైవేట్ లిమిటెడ్	h.no.10-2-289/49, shanti nagar, vijay nagar colony, hyderabad, telangana	Hyderabad, #10-2-289/49, TG	0.0	0.3232	False	False	False	False	False			10|2|289|49|hyderabad		10-2|289/49	0	5	2	shared_address_tokens_but_suppressed
S1-302623297	S2-268115561	india	jain healthcare private limited	जैन हेल्थकेयर प्राइवेट लिमिटेड	b-73, sector 6, noida, ghaziabad, uttar pradesh	939 B-73, SECTOR 6, NOIDA, NITHARI, Uttar Pradesh	0.0	0.8542	False	False	False	False	False			6|73|b|noida|pradesh|sector|uttar		6|73	0	7	2	shared_address_tokens_but_suppressed
S1-358618259	S3-282305762	india	one builders private limited	వన్ బిల్డర్స్ ప్రైవేట్ లిమిటెడ్	flat.no.202, plot.no.25, sunder nagar, s.r.nagar, hyderabad, telangana	H.no 202, Plot.no.25, Sunder Nagar, S.r.nagar, Hyderabad, Andhra Pradesh	0.0	0.8451	False	False	False	False	False			202|25|hyderabad|nagar|no|plot|r|s|sunder		202|25	0	9	2	shared_address_tokens_but_suppressed
S1-86094936	S3-505894931	india	jain developers	জৈন ডেভেলপারস	88/a m c garden road dumdum, kolkata, calcutta, west bengal	No 28/A M C Garden Road Dumdm, Kolkata Region, Kolkata, WB	0.0	0.6496	False	False	False	False	False			a|c|garden|kolkata|m			0	5	0	shared_address_tokens_but_suppressed
S1-292649689	S3-182160243	india	global services private limited	গ্লোবাল সার্ভিসেস প্রাইভেট লিমিটেড	2-floor, 2/d panditya road, kolkata, kolkata, howrah, west bengal	2-Floor., N/A, Howrah, Kolkata, WB	0.0	0.5051	False	False	False	False	False			2|howrah|kolkata		2	0	3	1	shared_address_tokens_but_suppressed
S1-790201877	S2-397364551	india	modern foundation private limited	मॉडर्न फाउंडेशन प्राइवेट लिमिटेड	flat no. 108 first floor, bibhab vellevue, hotel mayur tourist complex, fatehabad r, oad, agra, uttar pradesh	DOOR NO 108 FIRST FLOOR, AGRA, Uttar Pradesh	0.0	0.5229	False	False	False	False	False			108|agra|first|no|pradesh|uttar		108	0	6	1	shared_address_tokens_but_suppressed
S1-555751497	S3-715386227	india	raj exports pvt ltd	राज एक्सपोर्ट्स प्रा. लि.	e-147, 2nd floor lajpat nagar-1, new delhi, south delhi, delhi	E-147, 2Nd Floor Lajpat Nagar-1, New Delhi, South Delhi, DL	0.0	0.9752	False	False	False	False	False			1|147|2nd|delhi|e|lajpat|nagar|new|south		1|147	0	9	2	shared_address_tokens_but_suppressed
S1-555751497	S2-781225500	india	raj exports pvt ltd	राज एक्सपोर्ट्स प्रा. लि.	e-147, 2nd floor lajpat nagar-1, new delhi, south delhi, delhi	E-147, SOUTH DELHI, NEW DELHI, दिल्ली	0.0	0.5051	False	False	False	False	False			147|delhi|e|new|south		147	0	5	1	shared_address_tokens_but_suppressed
S1-697204762	S3-443905866	india	white constructions	व्हाइट कंस्ट्रक्शंस	b-94, flat no.302 housing colony lohia nagar kankarbagh, patna, bihar	B-94, Patna, null, BR	0.0	0.3333	False	False	False	False	False			94|b|patna		94	0	3	1	shared_address_tokens_but_suppressed
S1-942977436	S2-378743777	india	jay city foods private limited	जय सिटी फूड्स प्राइवेट लिमिटेड	plot no. 129, shiv sundar nagar, near noble school, bhilwara, bhilwara, rajasthan	PLOT NO. 29, BHILWARA, Rajasthan	0.0	0.5664	False	False	False	False	False			bhilwara|no|plot|rajasthan			0	4	0	shared_address_tokens_but_suppressed
S1-203143681	S3-739378297	india	hitech products limited	हाईटेक प्रोडक्ट्स लिमिटेड	t-401, 3rd 190 lions, jaipur, rajasthan	T-d/401, Jaipur, RJ	0.0	0.5862	False	False	False	False	False			401|jaipur|t		401	0	3	1	shared_address_tokens_but_suppressed
S1-821203406	S3-332479214	india	seven construction private limited	सेवन कंस्ट्रक्शन प्राइवेट लिमिटेड	uttam nagar, first floor, nand ram park, new delhi, a-8, delhi	A-8, Uttam Nagar, दिल्ली, First Floor, Nand Ram Park, New Delhi	0.0	0.8	False	False	False	False	False			8|a|delhi|first|nagar|nand|new|park|ram|uttam		8	0	10	1	shared_address_tokens_but_suppressed
S1-622515318	S2-594570108	india	city food private limited	సిటీ ఫుడ్ ప్రైవేట్ లిమిటెడ్	telangana, k.v.rangareddy, serilingampally, fno b 305 3rd floor, ramky one kosmos	FNO B 3-05 3RD FLOOR, SERILINGAMPALLY, null, Telangana	0.0	0.4	False	False	False	False	False			3rd|b|fno|serilingampally|telangana			0	5	0	shared_address_tokens_but_suppressed
S1-39641619	S3-245091850	india	global global private limited	ग्लोबल ग्लोबल प्राइवेट लिमिटेड	virar, maharashtra, thakur arcade, above viva super market, virar (west), thane, 28-30	28-30, Palghar, महाराष्ट्र	0.0	0.0893	False	False	False	False	False			28|30		28-30	0	2	1	shared_address_tokens_but_suppressed
S1-478972073	S2-173609643	india	lotus food pvt ltd	લોટસ ફૂડ પ્રા. લિ.	r.s.no. 802/3, t.p. 303, radha swami sukun, rajpath road, anand, gujarat	R.S.NO. 802/3, ANAND, Gujarat	0.0	0.5743	False	False	False	False	False			3|802|anand|gujarat|no|r|s		802/3	0	7	1	shared_address_tokens_but_suppressed
S1-787303229	S2-827248496	india	premier management private limited	પ્રીમિયર મેનેજમેન્ટ પ્રાઇવેટ લિમિટેડ	unit-33, sayona silver estate, silver oke club, daskroi, ahmedabad, gujarat	DASKROI, GOTA, AHMEDABAD, Gujarat, UNIT-33	0.0	0.4615	False	False	False	False	False			33|ahmedabad|daskroi|gujarat		33	0	4	1	shared_address_tokens_but_suppressed
S1-628575121	S2-874929043	india	balaji services private limited	बालाजी सर्विसेज प्राइवेट लिमिटेड	e-704, 7th floor, ajnara grand heritage plot no. gh 01/b, sector -74, noida, gautam buddha nagar, uttar pradesh	E-#704, GAUTAM BUDDHA NAGAR, NOIDA, Uttar Pradesh	0.0	0.5125	False	False	False	False	False			704|buddha|e|gautam|nagar|noida|pradesh|uttar		704	0	8	1	shared_address_tokens_but_suppressed
S1-170195620	S2-947783501	india	dream technology pvt ltd	ड्रीम टेक्नोलॉजी प्रा. लि.	ashok kumar sharma, nimbalkar ki goth, behind santa nurshing home, patankar baz, ar, gwalior, madhya pradesh	ASHOK KUMAR SHARMA, GWALIOR, Madhya Pradesh	0.0	0.5695	False	False	False	False	False			ashok|gwalior|kumar|madhya|pradesh|sharma			0	6	0	shared_address_tokens_but_suppressed
S1-908551239	S3-719062371	india	sun solutions private limited	सन सॉल्यूशंस प्राइवेट लिमिटेड	f no. 403, sudha nill aptt, new p p colony, patliputra, patna, bihar	बिहार, Patna, F No. 403	0.0	0.1978	False	False	False	False	False			403|f|no|patna		403	0	4	1	shared_address_tokens_but_suppressed
S1-168366893	S2-487963873	india	hari investment private limited	हरि इन्वेस्टमेंट प्राइवेट लिमिटेड	plot no. g-9, sector 6, noida, gautam buddha nagar, uttar pradesh	PLOT NO. G-9-9, SECTOR 6, NOIDA, GAUTAM BUDDHA NAGAR, Uttar Pradesh	0.0	0.9848	False	False	False	False	False			6|9|buddha|g|gautam|nagar|no|noida|plot|pradesh|sector|uttar		6	0	12	1	shared_address_tokens_but_suppressed
S1-692127788	S2-435061449	india	prime om energy private limited	प्राइम ओम एनर्जी प्राइवेट लिमिटेड	b-10, shivam apartment, block-d, vikaspuri, new delhi, delhi	B-10, NEW DELHI, Delhi	0.0	0.5366	False	False	False	False	False			10|b|delhi|new		10	0	4	1	shared_address_tokens_but_suppressed
S1-130018504	S3-527254329	india	anand blue producer	आनंद ब्लू प्रोड्यूसर	indore, scheme no 78 part 2 vijay nagar, madhya pradesh, plot no 12	Door No 12, Scheme No 78 Part 2 Vijay Nagar, Indore, मध्य प्रदेश	0.0	0.6718	False	False	False	False	False			12|2|78|indore|nagar|no|part|scheme|vijay		12|2|78	0	9	3	shared_address_tokens_but_suppressed
S1-683946842	S2-392298204	india	all international llp	ऑल इंटरनेशनल एलएलपी	c-7/85, ff, sector-08, rohini, delhi, west delhi, delhi	PLOT 964 C-7/85, FF, SECTOR-08, ROHINI, WEST DELHI, DELHI	0.0	0.8571	False	False	False	False	False			08|7|85|c|delhi|ff|rohini|sector|west		08|7/85	0	9	2	shared_address_tokens_but_suppressed
S1-335576235	S2-757956582	india	hari solutions limited	हरि सॉल्यूशंस लिमिटेड	301, 3rdfloor, marvelalaina, laneno.5, koregaonpark, pune, maharashtra	301, PUNE, महाराष्ट्र	0.0	0.2418	False	False	False	False	False			301|pune		301	0	2	1	shared_address_tokens_but_suppressed
S1-268426904	S3-753500447	india	sun one estate private limited	সান ওয়ান এস্টেট প্রাইভেট লিমিটেড	6th floor, 4, maharana pratap sarani, kolkata, howrah, west bengal	Door No 6Th/8 Floor, Kolkata, Howrah, WB	0.0	0.566	False	False	False	False	False			6th|howrah|kolkata			0	3	0	shared_address_tokens_but_suppressed
S1-566143634	S2-280387127	india	unique services private limited	ইউনিক সার্ভিসেস প্রাইভেট লিমিটেড	47, matheshwartala road, kolkata, kolkata, howrah, west bengal	47, CALCUTTA, HOWRAH, West Bengal	0.0	0.6316	False	False	False	False	False			47|bengal|howrah|west		47	0	4	1	shared_address_tokens_but_suppressed
S1-359497386	S3-347606257	india	shakti global	శక్తి గ్లోబల్	2-40-314/c ambedkar nagar, balamrai, gymkhana, hyderabad, telangana	Ambedkar Nagar, NULL, Hyderabad, TG	0.0	0.6275	False	False	False	False	False			ambedkar|hyderabad|nagar			0	3	0	shared_address_tokens_but_suppressed
